,CD_GEOCODM,NM_AGSN,CodAGSN,Estimated_Population,DPO_EmAGSN,Pop_EmAGSN,AbsoluteDifference,ProportionalDifference
0,3516408,VILA BAZU,35164080001.0,3319.0,72,257,3062.0,11.914396887159533
1,3516408,PRETÓRIA,35164080002.0,,808,3031,,
2,3516408,PARQUE MONTREAL,35164080004.0,,88,316,,
3,3516408,VILA PALMARES,35164080005.0,,193,688,,
4,3516408,ARCO ÍRIS,35164080006.0,1244.0,383,1385,-141.0,-0.10180505415162455
5,3516408,RUA ANTÔNIO DO NASCIMENTO,35164080009.0,,66,234,,
6,3516408,RUA GERALDO HENRIQUE DA SILVA,35164080010.0,,63,238,,
7,3516408,RUA PINTASSILGO (PRETÓRIA),35164080011.0,,207,754,,
8,3516408,PARADINHA 1,35164080012.0,,192,750,,
9,3516408,PARADINHA 2,35164080013.0,,43,176,,
10,3516408,RUA PARÁ,35164080014.0,,110,380,,
11,3516408,RUA JOSÉ MOURÃO FILHO,35164080015.0,,58,226,,
12,3516408,RUA SERRANA,35164080017.0,,107,399,,
13,3516408,RUA AMPARO,35164080018.0,,132,492,,
14,3550308,SEM DENOMINAÇÃO 14,35503080944.0,,333,1092,,
15,3550308,JARDIM DO LAGO,35503081062.0,,154,520,,
16,3550308,CASTELINHO,35503081063.0,,122,454,,
17,3550308,JARDIM MARISTELA II,35503080086.0,,270,970,,
18,3550308,NOSSA SENHORA DA ENCARNAÇÃO,35503080805.0,,100,359,,
19,3550308,CÓRREGO JABUTICABAL,35503080806.0,,96,382,,
20,3550308,JOSÉ SERDEIRA RIBAS,35503080807.0,,95,381,,
21,3550308,JARDIM CLÍMAX,35503080138.0,,103,445,,
22,3550308,VILA LIVIERO,35503080180.0,,186,709,,
23,3550308,VILA CRISTINA,35503080234.0,,513,1929,,
24,3550308,MENINO DO ENGENHO II,35503080821.0,,500,1751,,
25,3550308,MENINO DO ENGENHO I,35503080218.0,,568,1946,,
26,3550308,EDUARDO VALIM,35503080808.0,,225,822,,
27,3550308,SÃO PEDRO,35503080200.0,,258,928,,
28,3550308,MORRO USP,35503080885.0,,501,1820,,
29,3550308,CHACRINHA,35503081189.0,,236,761,,
30,3550308,PASSAGEM II,35503081190.0,,94,356,,
31,3550308,CAMPO DE LUTA,35503081191.0,,209,714,,
32,3550308,TAPUIA,35503081192.0,,111,388,,
33,3550308,MAURICE DENIS,35503081193.0,,139,528,,
34,3550308,PINTO DA LUZ,35503080068.0,,231,781,,
35,3550308,JARDIM INDEPENDÊNCIA,35503080802.0,,293,988,,
36,3550308,SÃO JOSÉ (VILA PRUDENTE),35503080095.0,,499,1790,,
37,3550308,MANGUE,35503080803.0,,120,422,,
38,3550308,ANDRÉ DA CUNHA FONSECA,35503081167.0,,100,368,,
39,3550308,PARQUE PEREIRA,35503081168.0,,85,351,,
40,3550308,VILA FLÁVIA II,35503080145.0,,397,1519,,
41,3550308,VILA FLÁVIA I,35503080122.0,6252.0,533,1915,4337.0,2.2647519582245432
42,3550308,CAMPOS DE MELLO III,35503081219.0,,150,543,,
43,3550308,VILA PAULISTANO I,35503081220.0,,97,321,,
44,3550308,VILA PAULISTANO II,35503081221.0,,21,65,,
45,3550308,TUFIK MEREB,35503081223.0,,38,138,,
46,3550308,JARDIM SÃO LOURENÇO,35503080658.0,1867.0,183,681,1186.0,1.7415565345080763
47,3550308,JARDIM NAKAMURA I,35503080657.0,,686,2328,,
48,3550308,BOULEVARD DA PAZ,35503081257.0,6209.0,1850,6606,-397.0,-0.06009688162276718
49,3550308,PARQUE NOVO SANTO AMARO,35503080659.0,,564,1892,,
50,3550308,JARDIM NAKAMURA II,35503080654.0,,699,2394,,
51,3550308,BOTUCATU,35503080408.0,,828,2979,,
52,3550308,JARDIM PARANAPANEMA,35503080746.0,,1809,6283,,
53,3550308,TAMOIO,35503080531.0,,94,360,,
54,3550308,COPACABANA,35503080241.0,,387,1325,,
55,3550308,JARDIM SÃO BENTO II,35503080533.0,,1037,3516,,
56,3550308,JARDIM KAGOHARA,35503080171.0,,585,2091,,
57,3550308,ALTO DO RIVIERA,35503080647.0,,227,863,,
58,3550308,JARDIM ARACATI,35503080653.0,,314,1132,,
59,3550308,SANTA LUCIA,35503080268.0,,145,478,,
60,3550308,JARDIM SANTA LUCIA,35503080226.0,,189,623,,
61,3550308,JARDIM TUPI,35503080255.0,,177,690,,
62,3550308,MINUETOS,35503081361.0,,280,913,,
63,3550308,PARQUE CRISTINA,35503080474.0,,593,2010,,
64,3550308,SONIA REGINEZ,35503080388.0,,667,2342,,
65,3550308,ORFEÕES,35503080191.0,6210.0,366,1245,4965.0,3.9879518072289155
66,3550308,HERCULANO,35503080363.0,,234,795,,
67,3550308,SANTA ZÉLIA,35503080280.0,,201,660,,
68,3550308,LIMA JÚNIOR,35503080410.0,,236,869,,
69,3550308,AMÉLIA (CAPELA DO SOCORRO),35503080438.0,,621,2229,,
70,3550308,JARDIM IMBÉ I,35503080359.0,,91,337,,
71,3505708,OTACILIO,35057080029.0,,163,663,,
72,3505708,NOVA AURORA,35057080005.0,,166,661,,
73,3505708,RUA BROOKLIN,35057080032.0,,53,189,,
74,3505708,EMPREENDIMENTOS ELIAS,35057080033.0,,84,311,,
75,3505708,DER,35057080034.0,,59,234,,
76,3505708,EMPREENDIMENTOS TIRADENTES,35057080035.0,,144,515,,
77,3509007,AMABILE DELLATORRE,35090070002.0,,181,677,,
78,3509007,JOSÉ FAILACE,35090070003.0,,42,165,,
79,3509007,RUA JOSÉ FAILLACE,35090070004.0,,47,189,,
80,3509007,ANITA GARIBALDI,35090070005.0,,153,563,,
81,3509007,RICARDO ZERBINATTI,35090070006.0,,137,479,,
82,3509007,VICENTE LIZA,35090070007.0,,110,413,,
83,3509205,ACAMPAMENTO FLORIM,35092050006.0,,363,1323,,
84,3509205,UNIÃO,35092050001.0,,304,1102,,
85,3509205,CRUZEIRO,35092050004.0,,129,447,,
86,3510609,ARTEM ESPERANÇA,35106090037.0,,83,311,,
87,3510609,VILA SILVA RIBEIRO,35106090012.0,,50,188,,
88,3510609,FAVELA DO MURÃO,35106090045.0,,537,2222,,
89,3510609,SEM DENOMINAÇÃO,35106090049.0,,159,460,,
90,3510609,JATAÍ,35106090065.0,,383,1285,,
91,3510609,VILA MARCONDES,35106090027.0,,157,623,,
92,3510609,ROSEIRA,35106090051.0,,188,686,,
93,3510609,DOIS CÓRREGOS,35106090058.0,,116,406,,
94,3510609,FAVELA DO CEMITÉRIO,35106090044.0,,392,1610,,
95,3510609,VILA MUNICIPAL,35106090001.0,,479,1590,,
96,3510609,VILA MUNICIPAL II,35106090033.0,,422,1636,,
97,3510609,JARDIM HERMÍNIA II,35106090029.0,,41,153,,
98,3510609,JARDIM HERMÍNIA,35106090035.0,,49,212,,
99,3510609,VILA SÃO JOSÉ,35106090039.0,,170,697,,
100,3510609,VILA CAPRIOTTI,35106090030.0,,359,1205,,
101,3510609,CSU,35106090063.0,,578,2163,,
102,3510609,JATHAÍ,35106090067.0,,555,2203,,
103,3510609,JARDIM NOVO HORIZONTE,35106090048.0,,651,2321,,
104,3510609,JARDIM HELENA II,35106090038.0,,100,425,,
105,3510609,VILA HELENA,35106090006.0,,114,404,,
106,3510609,JARDIM ELZINHA,35106090066.0,,268,945,,
107,3510609,JARDIM EDIR,35106090042.0,,210,882,,
108,3510609,SARUTAIA,35106090061.0,,96,390,,
109,3510609,FAVELA SAVOY,35106090009.0,,481,2183,,
110,3510609,JARDIM ROSELY,35106090010.0,,245,956,,
111,3510609,VILA DIRCE,35106090002.0,,137,510,,
112,3510609,JARDIM PARQUE,35106090052.0,,351,1326,,
113,3510609,JARDIM MARIA BEATRIZ,35106090047.0,,353,1327,,
114,3513009,JARDIM NARA LUCIA,35130090002.0,,128,527,,
115,3513009,JARDIM COTIA,35130090001.0,2818.0,165,667,2151.0,3.2248875562218893
116,3513009,PARQUE FRONDOSO,35130090003.0,,59,256,,
117,3513801,MARIA LEONOR,35138010011.0,,91,345,,
118,3513801,MULFORD,35138010082.0,,101,355,,
119,3513801,JARDIM REY,35138010178.0,,236,885,,
120,3513801,NOSSA SENHORA APARECIDA,35138010012.0,,104,352,,
121,3513801,SÃO JUDAS TADEU,35138010013.0,9457.0,191,649,8808.0,13.571648690292758
122,3513801,PARQUE REID / SERRA DO MACAÉ / NOVA SERRANA,35138010014.0,,162,580,,
123,3513801,SERRA DA BORBOREMA / ALFENAS 2 / ESCADÃO,35138010008.0,,97,302,,
124,3513801,MARIA TEREZA,35138010010.0,,159,576,,
125,3513801,MACAÚBA,35138010006.0,,125,456,,
126,3513801,MARGINAL / SICOMORU / JARDIM AMÁLIA,35138010179.0,,210,665,,
127,3513801,MELRO / GAIVOTA / ALBATROZ / COLIBRI,35138010005.0,,92,352,,
128,3513801,ITÁLIA,35138010022.0,,188,627,,
129,3513801,ITÁLIA / PARAMARIBO,35138010180.0,,101,360,,
130,3513801,NAÇÕES,35138010021.0,,205,753,,
131,3513801,18 DE AGOSTO / SANTA LUZIA,35138010181.0,,378,1430,,
132,3513801,SANTA LUZIA,35138010156.0,,317,1192,,
133,3513801,18 DE AGOSTO / ANTÔNIO FERREIRA,35138010152.0,,379,1392,,
134,3513801,BOSQUE REAL,35138010015.0,,240,831,,
135,3513801,JARDIM ABC I - JARDIM ABC 1A,35138010029.0,,101,400,,
136,3513801,SANTA CRUZ IV / SANTA CRUZ III,35138010027.0,,105,402,,
137,3513801,JARDIM ABC III,35138010028.0,,74,273,,
138,3513801,JARDIM ABC II,35138010026.0,,73,276,,
139,3513801,VILA OLINDA,35138010024.0,,557,2075,,
140,3513801,VILA PROGRESSO / SERVIDÃO,35138010025.0,,121,438,,
141,3513801,DOM JOÃO VI,35138010023.0,,374,1365,,
142,3513801,SANTA CRUZ I E II,35138010032.0,,298,1075,,
143,3513801,TAKEBE I / DO PADRE / VILA DOS PALMARES / SANTANA,35138010030.0,,409,1448,,
144,3513801,VILA ORIENTAL I,35138010034.0,,82,283,,
145,3513801,VILA CLÁUDIA / VILA ALICE,35138010151.0,,206,683,,
146,3513801,VILA ALICE,35138010035.0,,237,831,,
147,3513801,VILA ODETE / VILINHA,35138010039.0,,416,1402,,
148,3513801,NAÇÕES / BERLIM,35138010183.0,,321,1193,,
149,3513801,CANHEMA,35138010037.0,,214,765,,
150,3513801,SANTA HELENA,35138010201.0,,63,236,,
151,3513801,NOVA CONQUISTA / KRONES II,35138010166.0,,3121,10836,,
152,3513801,NAVAL,35138010041.0,,220,834,,
153,3513801,VILA MODELO,35138010053.0,,135,527,,
154,3513801,VILA POPULAR,35138010185.0,,349,1200,,
155,3513801,VILA POPULAR - AMADOR BUENO,35138010052.0,,439,1505,,
156,3513801,ANA SOFIA 2 / MODESTO DE CARVALHO / VILA POPULAR,35138010186.0,,191,761,,
157,3513801,ANA SOFIA / GOYOTIN / PONTA DO LESTE,35138010049.0,,166,588,,
158,3513801,SANTA ELIZABETH / VILA OPERÁRIA,35138010002.0,,166,538,,
159,3513801,MOMBAÉ,35138010055.0,,75,275,,
160,3513801,MARILENE,35138010054.0,7096.0,1307,4474,2622.0,0.5860527492177022
161,3513801,MARILENE / AFONSO PENA,35138010187.0,,159,529,,
162,3513801,VILA LÍDIA / TAPERINHA / ANTÔNIO DE AZEVEDO,35138010046.0,,64,246,,
163,3513801,VILA NOGUEIRA,35138010048.0,,125,425,,
164,3513801,MARIA CÂNDIDA DE OLIVEIRA,35138010056.0,,58,208,,
165,3513801,VILA NOVA II,35138010159.0,,521,1889,,
166,3513801,GAZUZA / PAU DO CAFÉ / FUNDIBEM,35138010188.0,,543,1895,,
167,3513801,GAZUZA / PAU DO CAFÉ,35138010158.0,,419,1683,,
168,3513801,PORTINARI,35138010077.0,,176,705,,
169,3513801,NOVA CONQUISTA / KRONES,35138010160.0,,533,1828,,
170,3513801,SANTO IVO,35138010072.0,,497,1699,,
171,3513801,MEM DE SÁ,35138010073.0,,149,473,,
172,3513801,BARÃO DE URUGUAIANA,35138010078.0,,220,827,,
173,3513801,ARCO-ÍRIS I E II,35138010067.0,,174,603,,
174,3513801,BANDEIRANTES,35138010061.0,,64,232,,
175,3513801,ARTHUR BERNARDES,35138010202.0,,50,169,,
176,3513801,BACALHAU / ANTÔNIO DE ARAÚJO / BALEIA,35138010009.0,,101,364,,
177,3513801,CANGATI / JÓQUEI / CAMARUPIM / CARAPEBA,35138010147.0,,283,1057,,
178,3513801,CIDADE DE DEUS,35138010143.0,,86,379,,
179,3513801,CAÇÃO CALANGO CACHALOTE / CARBOJE,35138010145.0,,313,1170,,
180,3513801,ANEQUIM / ARRAIA / FREI AMBRÓSIO,35138010140.0,,75,250,,
181,3513801,JARDIM DA LIBERDADE / RUBENS OSCAR GUELLI,35138010154.0,,91,333,,
182,3513801,IGUASSU,35138010190.0,565.0,179,640,-75.0,-0.1171875
183,3513801,IMBAÚVA,35138010136.0,,183,600,,
184,3513801,3 MOSQUETEIROS / IPOÁ,35138010007.0,,132,474,,
185,3513801,INAMAR II,35138010129.0,,52,198,,
186,3513801,INAMAR I / MANACÁS,35138010128.0,,118,401,,
187,3513801,CAVIÚNA,35138010135.0,,660,2329,,
188,3513801,CAVIÚNA / JARDIM UNIÃO II,35138010126.0,,355,1259,,
189,3513801,UNIÃO 1 B,35138010127.0,,537,1926,,
190,3513801,UNIÃO DA VITÓRIA,35138010191.0,,297,1070,,
191,3513801,CANOPO / SANTA INEZ / SANTO ANTÔNIO / MARGARIDAS,35138010130.0,,75,277,,
192,3513801,"SANTA MARIA V, VI E VIII",35138010114.0,,79,281,,
193,3513801,SANTA MARIA I,35138010117.0,,156,571,,
194,3513801,VILA NOVA I I,35138010111.0,,380,1328,,
195,3513801,MORRO DO SAMBA,35138010157.0,,467,1724,,
196,3513801,PIRATININGA I E II,35138010104.0,,264,935,,
197,3513801,INVERNO / VERÃO,35138010122.0,,127,445,,
198,3513801,PARQUE REAL I,35138010101.0,,118,381,,
199,3513801,TUIUTI,35138010088.0,,75,256,,
200,3513801,RIACHUELO / VILA ELEONOR,35138010090.0,,69,240,,
201,3513801,RUYCE F. ALVIM,35138010093.0,,56,187,,
202,3513801,RUA DO MAR / ÁLVARES CABRAL / RUYCE II,35138010094.0,,176,608,,
203,3513801,SANTA CÂNDIDA I,35138010100.0,,77,316,,
204,3513801,CIDADE ALTA / UIRAPURU / TANGARÁ,35138010164.0,,125,433,,
205,3513801,NOVO HABITAT,35138010165.0,,113,404,,
206,3513801,GAZUZA / PAU DO CAFÉ II,35138010192.0,,163,613,,
207,3513801,GAZUZA / PAU DO CAFÉ / BOM SUCESSO,35138010193.0,,345,1292,,
208,3513801,PAU DO CAFÉ II,35138010194.0,,144,748,,
209,3513801,YAMBERÊ II,35138010170.0,,100,372,,
210,3513801,PABLO NERUDA / BEIRA RIO,35138010173.0,,193,684,,
211,3513801,PARQUE REAL II E III,35138010195.0,,123,425,,
212,3513801,PRÉ MOLDADO,35138010177.0,,99,380,,
213,3513801,SERRA DO BATURITE,35138010197.0,,73,262,,
214,3513801,ÁGUIA DE OURO / PARAOPEBA I E II,35138010198.0,,111,396,,
215,3513801,TAKEBINHO / VILA OLINDA,35138010199.0,,99,322,,
216,3513801,SÍTIO JOANINHA / SÍTIO DO BARBA,35138010184.0,368.0,328,1165,-797.0,-0.6841201716738198
217,3513801,AYRTON SENNA / CHICO MENDES,35138010189.0,,71,253,,
218,3515004,MATO GROSSO,35150040033.0,,113,455,,
219,3515004,PARQUE LUIZA,35150040013.0,,602,2142,,
220,3515004,JARDIM COLÉGIO,35150040035.0,,217,886,,
221,3515004,SÃO FRANCISCO,35150040036.0,,169,735,,
222,3515004,SANTA ROSA,35150040012.0,,95,357,,
223,3515004,PINHEIROS,35150040011.0,,365,1422,,
224,3515004,HERCILIO WUSTEMBERG,35150040010.0,,238,859,,
225,3515004,SANTA LUZIA,35150040065.0,,210,905,,
226,3515004,ILHA PORCHAT,35150040051.0,,321,1581,,
227,3515004,JARDIM CASTILHO,35150040017.0,,721,2851,,
228,3515004,VILA FELIZ,35150040034.0,,171,587,,
229,3515004,SANTARÉM,35150040002.0,,353,1289,,
230,3515004,JARDIM VALO VERDE,35150040019.0,,544,1962,,
231,3515004,GUAIÇARA,35150040061.0,,327,1066,,
232,3515004,TAIMA,35150040039.0,,192,707,,
233,3515004,NONOAI,35150040040.0,,338,1266,,
234,3515004,DETROIT,35150040031.0,,102,329,,
235,3515004,PAQUETÁ,35150040062.0,,129,430,,
236,3515004,BOTUCATU,35150040026.0,,296,1168,,
237,3515004,GUAÍBA,35150040063.0,,119,464,,
238,3515004,JOSÉ LINHARES,35150040041.0,,199,827,,
239,3515004,SANTANA DO PARNAÍBA,35150040027.0,,100,402,,
240,3515004,JARDIM ANGELA,35150040042.0,,66,284,,
241,3515004,RUDGE RAMOS,35150040023.0,3105.0,192,697,2408.0,3.45480631276901
242,3515004,PANORAMA,35150040001.0,6215.0,276,1072,5143.0,4.797574626865671
243,3515004,SANTOS DUMONT,35150040060.0,,189,693,,
244,3515004,SILVIA,35150040048.0,,164,584,,
245,3515004,INDUSTRIAL 1,35150040053.0,,61,191,,
246,3515004,ISIS CRISTINA,35150040050.0,,198,775,,
247,3515004,SANTA CLARA,35150040066.0,,76,283,,
248,3515004,KEISHI MATSUMOTO,35150040047.0,,250,903,,
249,3515004,RODOANEL,35150040052.0,,247,954,,
250,3515004,CONCORDIA,35150040049.0,,131,538,,
251,3515004,ARAPONGAS,35150040057.0,,107,392,,
252,3515004,CAMPO GRANDE,35150040056.0,,71,283,,
253,3515004,SÃO LUIZ,35150040046.0,,186,649,,
254,3515004,CASA BRANCA,35150040054.0,,98,377,,
255,3515004,BARROCO,35150040055.0,,68,249,,
256,3515004,DOIS PALITOS,35150040045.0,,281,1204,,
257,3515004,NOVA REPÚBLICA,35150040059.0,,197,687,,
258,3515004,AUGUSTO DE ALMEIDA BATISTA,35150040064.0,,56,220,,
259,3515004,POMBAS,35150040020.0,,57,214,,
260,3515004,GUAIRACÁ,35150040058.0,,75,269,,
261,3515707,JARDIM GENTILE,35157070001.0,,648,2416,,
262,3515707,SEM DENOMINAÇÃO DA VILA BIANCHI,35157070002.0,,201,694,,
263,3515707,VILA TANQUINHO,35157070003.0,,175,639,,
264,3515707,VILA T.V.,35157070004.0,,203,769,,
265,3515707,SEM DENOMINAÇÃO DO JARDIM ANCHIETA,35157070005.0,,64,246,,
266,3515707,SEM DENOMINAÇÃO DO JARDIM LEILA,35157070006.0,,202,747,,
267,3515707,SEM DENOMINAÇÃO DO JARDIM HELENA,35157070007.0,,75,299,,
268,3515707,SEM DENOMINAÇÃO DO PARQUE SÃO JUDAS TADEU,35157070008.0,,238,898,,
269,3515707,SEM DENOMINAÇÃO DO JARDIM SÃO BENEDITO,35157070009.0,,312,1229,,
270,3515707,SEM DENOMINAÇÃO DO JARDIM SARA,35157070010.0,,64,217,,
271,3515707,SEM DENOMINAÇÃO DO JARDIM DAYSE,35157070011.0,,93,342,,
272,3515707,SEM DENOMINAÇÃO DA VILA LOANDA,35157070012.0,,334,1210,,
273,3515707,SEM DENOMINAÇÃO DO JARDIM SÃO JOSÉ,35157070013.0,,169,660,,
274,3515707,SEM DENOMINAÇÃO DO JARDIM SOEIRO,35157070014.0,,73,275,,
275,3515707,SEM DENOMINAÇÃO DO JARDIM SÃO FERNANDO,35157070015.0,,78,307,,
276,3515707,SEM DENOMINAÇÃO DO JARDIM SÃO LÁZARO,35157070016.0,,34,108,,
277,3515707,SEM DENOMINAÇÃO DO JARDIM VERÃO,35157070017.0,,139,574,,
278,3516309,RUA NILO PEÇANHA,35163090001.0,,64,214,,
279,3516309,RUA DAS TULIPAS,35163090002.0,,80,299,,
280,3516309,RUA JOSÉ MARIO CURTY,35163090003.0,,68,241,,
281,3516309,RUA DAS LARANJEIRAS,35163090005.0,,39,155,,
282,3516309,RUA ROQUE MODESTO DOS SANTOS,35163090007.0,,74,269,,
283,3516309,OURO PRETO,35163090008.0,1430.0,452,1626,-196.0,-0.12054120541205413
284,3516309,RUA JULIO GOMES DE MELO,35163090014.0,,79,295,,
285,3516309,RUA QUINZE,35163090015.0,,109,380,,
286,3516309,RUA DEZESSEIS,35163090016.0,,89,349,,
287,3516309,RUA DAS MARGARIDAS,35163090017.0,,156,543,,
288,3516309,RUA DAS ORQUÍDEAS,35163090018.0,,131,433,,
289,3516309,RUA MORATÃO,35163090019.0,,56,191,,
290,3516309,RUA JOAQUIM BASÍLIO,35163090020.0,,53,226,,
291,3516309,RUA ARCÍLIO FERDEZONI 2,35163090022.0,,102,373,,
292,3516309,RUA ONZE,35163090023.0,,87,328,,
293,3516309,AVENIDA SALVADOR,35163090024.0,,65,269,,
294,3516309,VIELA UM,35163090025.0,,127,490,,
295,3516309,VIELA DOIS,35163090026.0,,182,641,,
296,3516309,AVENIDA SANTA FÉ,35163090027.0,,81,265,,
297,3516309,RUA NOVE DE JULHO,35163090028.0,,117,407,,
298,3516309,RUA VINTE E QUATRO,35163090029.0,,47,170,,
299,3516309,VIELA SEIS,35163090030.0,,107,377,,
300,3518800,VILA FLÓRIDA,35188000013.0,,332,1143,,
301,3518800,JARDIM MONTE SANTO,35188000101.0,,99,346,,
302,3518800,VILA FLORA,35188000032.0,,448,1768,,
303,3518800,ITAPEGICA,35188000103.0,,164,573,,
304,3518800,VILA SÃO RAFAEL / JARDIM VILA GALVÃO II,35188000065.0,,254,979,,
305,3518800,JARDIM VILA GALVÃO II,35188000030.0,,1278,5158,,
306,3518800,JARDIM ROSA DE FRANÇA,35188000122.0,,149,604,,
307,3518800,VALE DOS MACHADOS / PICANÇO,35188000104.0,,311,1188,,
308,3518800,JARDIM FLOR DA MONTANHA - JARDIM SANTA MENA,35188000004.0,,734,2564,,
309,3518800,JARDIM SANTA CECÍLIA II,35188000042.0,,225,763,,
310,3518800,JARDIM SANTA CECÍLIA III,35188000003.0,,54,216,,
311,3518800,VILA RIO,35188000105.0,,87,343,,
312,3518800,NÚCLEO JARDIM CREPÚSCULO,35188000106.0,,618,2041,,
313,3518800,NÚCLEO VALE DOS MACHADOS,35188000107.0,,1083,3819,,
314,3518800,INVASÃO DOS PADRES,35188000108.0,,242,806,,
315,3518800,JARDIM JOVAIA II,35188000010.0,,149,537,,
316,3518800,COCAIA,35188000045.0,,92,325,,
317,3518800,JARDIM BELA VISTA II,35188000014.0,,238,878,,
318,3518800,JARDIM SANTA MARIA / PARQUE DAS LARANJEIRAS / JARDIM SANTA E,35188000047.0,,649,2427,,
319,3518800,JARDIM ALVORADA - JARDIM MONTE CARMELO,35188000067.0,14109.0,299,1126,12983.0,11.530195381882772
320,3518800,JARDIM AMÉRICA - JARDIM BELA VISTA I,35188000031.0,,154,595,,
321,3518800,JARDIM ALVORADA - JARDIM AMÉRICA,35188000046.0,,156,506,,
322,3518800,JARDIM SCYNTILA,35188000026.0,,117,490,,
323,3518800,JARDIM ZIMBARDI,35188000027.0,,86,506,,
324,3518800,JARDIM SÃO FRANCISCO,35188000066.0,,200,755,,
325,3518800,JARDIM SANTA BÁRBARA,35188000028.0,,561,2192,,
326,3518800,HATSUTA,35188000109.0,,223,943,,
327,3518800,JARDIM PALMIRA,35188000084.0,,289,1061,,
328,3518800,JARDIM DIOGO,35188000110.0,,267,964,,
329,3518800,JARDIM ELIZABETH,35188000011.0,3039.0,242,942,2097.0,2.2261146496815285
330,3518800,SÍTIO DOS MORROS,35188000087.0,,596,2332,,
331,3518800,JARDIM SÃO JOÃO BATISTA,35188000012.0,,256,1045,,
332,3518800,JARDIM SANTA RITA II,35188000005.0,,3352,12732,,
333,3518800,JARDIM SANTA RITA I,35188000006.0,,113,390,,
334,3518800,JARDIM PARAÍSO I,35188000048.0,,203,731,,
335,3518800,JARDIM PARAÍSO II,35188000018.0,,520,1844,,
336,3518800,NÚCLEO PARQUE MIKAIL,35188000111.0,,442,1639,,
337,3518800,JARDIM SÃO DOMINGOS,35188000119.0,,200,731,,
338,3518800,JARDIM SANTA INÊS I,35188000017.0,,152,564,,
339,3518800,PARQUE IMPERIAL,35188000016.0,,246,847,,
340,3518800,JARDIM ACÁCIO,35188000072.0,1187.0,96,327,860.0,2.6299694189602447
341,3518800,JARDIM SÃO DOMINGOS - RUA BASTOS,35188000049.0,,92,398,,
342,3518800,PARQUE PRIMAVERA II,35188000113.0,,1249,4511,,
343,3518800,PARQUE PRIMAVERA I,35188000116.0,973.0,2061,7768,-6795.0,-0.8747425334706488
344,3518800,JARDIM BANANAL / JARDIM ADELINA,35188000082.0,,145,652,,
345,3518800,BANANAL,35188000114.0,1402.0,213,854,548.0,0.6416861826697893
346,3518800,JARDIM DOS EUCALIPTOS,35188000070.0,,503,1987,,
347,3518800,NÚCLEO SANTOS DUMONT,35188000115.0,,1374,5065,,
348,3518800,JARDIM LENIZE,35188000083.0,,366,1358,,
349,3518800,JARDIM LENIZE / JARDIM LENIZE II,35188000117.0,,458,1712,,
350,3518800,JARDIM NOVO PORTUGAL,35188000121.0,,81,326,,
351,3518800,JARDIM SÃO JOÃO,35188000007.0,,136,533,,
352,3518800,CIDADE SOBERANA (RUA DAS MARGARIDAS),35188000074.0,,510,1970,,
353,3518800,PARQUE BAMBI,35188000118.0,2883.0,1972,7217,-4334.0,-0.6005265345711515
354,3518800,VILA OPERÁRIA / CABUÇU,35188000147.0,,593,2107,,
355,3518800,JARDIM SANTA RITA III,35188000148.0,,231,807,,
356,3518800,JARDIM OKWYAMA,35188000149.0,,220,899,,
357,3518800,PARQUE MIKAIL,35188000150.0,,98,359,,
358,3518800,PARQUE MIKAIL II,35188000151.0,,80,291,,
359,3518800,CIDADE SOBERANA,35188000152.0,,121,455,,
360,3518800,AGUAZUL,35188000071.0,6.0,83,315,-309.0,-0.9809523809523809
361,3518800,NOVO RECREIO,35188000169.0,176.0,1852,6916,-6740.0,-0.9745517640254482
362,3518800,VILA OPERÁRIA,35188000190.0,,798,3039,,
363,3518800,VILA LANZARA,35188000177.0,17777.0,174,680,17097.0,25.14264705882353
364,3518800,JARDIM VALÉRIA,35188000178.0,,109,358,,
365,3518800,JARDIM TESTAI,35188000180.0,,57,205,,
366,3518800,VILA CAMBARÁ,35188000181.0,,80,337,,
367,3518800,JD MARIA APARECIDA / VILA SÃO JOÃO BATISTA / VILA MARILDA,35188000183.0,,279,1027,,
368,3518800,JARDIM SANTA INÊS,35188000184.0,,75,246,,
369,3518800,JARDIM VILA RICA,35188000185.0,,70,263,,
370,3518800,JARDIM PARAÍSO II / PARQUE MIKAIL,35188000186.0,,31,124,,
371,3518800,ANITA GARIBALDI,35188000167.0,,1869,6887,,
372,3518800,ARICANDUVA,35188000188.0,,80,304,,
373,3518800,JARDIM BONSUCESSO / JARDIM DOS PIMENTAS / PARQUE JANDAIA,35188000123.0,,1444,5422,,
374,3518800,PARQUE JANDAIA,35188000096.0,,798,2991,,
375,3518800,CIDADE TUPINAMBÁ,35188000088.0,,1131,4377,,
376,3518800,JARDIM DOS PIMENTAS I,35188000124.0,,126,474,,
377,3518800,JARDIM SANTA MARIA I,35188000051.0,3038.0,272,945,2093.0,2.214814814814815
378,3518800,JARDIM NOVA CIDADE - JARDIM NORMÂNDIA,35188000053.0,,428,1589,,
379,3518800,JARDIM NORMÂNDIA (AVENIDA MACEIÓ),35188000092.0,,111,402,,
380,3518800,JARDIM NOVA CIDADE,35188000093.0,,189,720,,
381,3518800,NÚCLEO SÍTIO SÃO FRANCISCO / PARQUE MARIA HELENA,35188000125.0,,1594,5765,,
382,3518800,JARDIM SANTA MARIA / JARDIM MONTE ALEGRE II,35188000054.0,,479,1830,,
383,3518800,VILA GUILHERMINO,35188000099.0,,183,689,,
384,3518800,CIDADE PARQUE ALVORADA IV / JARDIM ANSALCA / PARQUE JUREMA,35188000052.0,3038.0,151,523,2515.0,4.808795411089866
385,3518800,JARDIM PAULISTA,35188000094.0,,108,399,,
386,3518800,JARDIM SANTO AFONSO,35188000019.0,,191,734,,
387,3518800,JARDIM ARAPONGAS,35188000033.0,,330,1290,,
388,3518800,NÚCLEO BAIRRO DO VERMELHÃO OU CAMPO DO JAPONÊS,35188000126.0,,364,1327,,
389,3518800,VILA SÃO GABRIEL (RUA JOÃO B. GLÓRIA),35188000044.0,,163,584,,
390,3518800,JARDIM BRASIL,35188000076.0,,297,1209,,
391,3518800,JARDIM LEBLON,35188000073.0,,97,332,,
392,3518800,NÚCLEO JARDIM CENTENÁRIO,35188000127.0,,93,344,,
393,3518800,CIDADE PARQUE INDUSTRIAL CUMBICA,35188000089.0,,123,431,,
394,3518800,NÚCLEO VILA PARAÍSO,35188000128.0,,142,543,,
395,3518800,JARDIM PARAÍSO I E II,35188000055.0,,87,329,,
396,3518800,NÚCLEO JARDIM SANDRA I,35188000130.0,,147,601,,
397,3518800,JARDIM NANCY,35188000131.0,,77,331,,
398,3518800,JARDIM JACI,35188000057.0,,273,1024,,
399,3518800,NÚCLEO JARDIM GUARACY,35188000132.0,,171,613,,
400,3518800,JARDIM ALICE / CIDADE TUPINAMBÁ,35188000056.0,,401,1598,,
401,3518800,SÍTIO SÃO FRANCISCO,35188000133.0,,130,463,,
402,3518800,CIDADE SATÉLITE (AVENIDA PATOS),35188000134.0,,116,364,,
403,3518800,CIDADE SATÉLITE (RUAS J. DE CASTILHO/SANTANA BOA VISTA),35188000078.0,,95,386,,
404,3518800,CIDADE SATÉLITE I,35188000164.0,10033.0,2550,9270,763.0,0.08230852211434736
405,3518800,CIDADE SATÉLITE - AVENIDA GUINLE,35188000064.0,,246,902,,
406,3518800,CIDADE SATÉLITE - AVENIDA CUMBICA,35188000020.0,,463,1627,,
407,3518800,CIDADE SATÉLITE (AVENIDA BAQUIRIVU),35188000079.0,,232,929,,
408,3518800,CIDADE JARDIM CUMBICA I,35188000025.0,,594,2211,,
409,3518800,CIDADE JARDIM CUMBICA II,35188000022.0,,1292,4880,,
410,3518800,JARDIM NOVA CUMBICA - RUA CRUZEIRO - MISSOURI,35188000001.0,,531,2051,,
411,3518800,PARQUE UIARAPURU,35188000002.0,,33,123,,
412,3518800,PARQUE UIRAPURU II,35188000136.0,,47,164,,
413,3518800,VILA NOVA CUMBICA,35188000137.0,,69,235,,
414,3518800,PARQUE UIRAPURU,35188000062.0,,174,600,,
415,3518800,PAES DE BARROS - CUMBICA,35188000038.0,,515,1883,,
416,3518800,JARDIM SÃO MANOEL,35188000024.0,,218,769,,
417,3518800,JARDIM DAS NAÇÕES I,35188000138.0,,320,1235,,
418,3518800,JD DAS NAÇÕES / JD NAÇÕES II / JD DAS ANDORINHAS,35188000090.0,,182,628,,
419,3518800,JARDIM CUMBICA III,35188000077.0,,81,321,,
420,3518800,JARDIM CUMBICA II,35188000023.0,,196,703,,
421,3518800,CAMINHO DO RINCÃO,35188000139.0,,125,429,,
422,3518800,JARDIM CUMBICA I,35188000058.0,1320.0,223,845,475.0,0.5621301775147929
423,3518800,TIJUCO PRETO,35188000100.0,,463,1762,,
424,3518800,JARDIM MARIA DIRCE,35188000009.0,,76,287,,
425,3518800,JARDIM DOS PIMENTAS II,35188000140.0,,54,186,,
426,3518800,JARDIM PRESIDENTE DUTRA II,35188000008.0,,604,2228,,
427,3518800,PARQUE SÃO LUÍS,35188000097.0,,13,46,,
428,3518800,JARDIM PRESIDENTE DUTRA I,35188000040.0,,126,444,,
429,3518800,JARDIM PRESIDENTE DUTRA IV,35188000095.0,,274,997,,
430,3518800,JARDIM PRESIDENTE DUTRA III,35188000041.0,,689,2615,,
431,3518800,NÚCLEO VILA NOVA BONSUCESSO I / RUA ITUTINGA,35188000141.0,,80,302,,
432,3518800,CIDADE PARQUE ALVORADA,35188000043.0,,266,995,,
433,3518800,CIDADE PARQUE ALVORADA III,35188000081.0,,62,263,,
434,3518800,JARDIM SANTA PAULA,35188000069.0,,153,580,,
435,3518800,"NÚCLEO PONTE ALTA I, II E III",35188000142.0,,32,160,,
436,3518800,"NÚCLEO PONTA ALTA IV, V, VI E VII",35188000143.0,,852,3245,,
437,3518800,NÚCLEO PONTE ALTA II,35188000059.0,,883,3361,,
438,3518800,JARDIM NOVA BONSUCESSO,35188000036.0,,221,827,,
439,3518800,VILA CARMELA II,35188000061.0,,378,1307,,
440,3518800,NÚCLEO VILA NOVA BONSUCESSO,35188000060.0,,164,594,,
441,3518800,BONSUCESSO,35188000098.0,,181,633,,
442,3518800,JARDIM ANGÉLICA II,35188000154.0,,79,259,,
443,3518800,JARDIM ARUJÁ,35188000156.0,,62,223,,
444,3518800,JARDIM CANAÃ / ÁGUA CHATA,35188000158.0,,205,748,,
445,3518800,GRANJA ELIANA,35188000159.0,,70,274,,
446,3518800,"CIDADE ARACÍLIA I, II",35188000160.0,,101,357,,
447,3518800,VILA LAURITA,35188000161.0,,61,252,,
448,3518800,VILA LAURITA II,35188000162.0,,83,279,,
449,3518800,NÚCLEO HABITACIONAL JARDIM GUARACY,35188000189.0,,150,574,,
450,3518800,PANTANAL / ESTRADA ITAIM,35188000163.0,,87,338,,
451,3518800,CIDADE SATÉLITE II,35188000165.0,,376,1208,,
452,3518800,JARDIM CENTENÁRIO,35188000172.0,,128,476,,
453,3518800,RECANTO DO SOL,35188000173.0,1486.0,104,405,1081.0,2.669135802469136
454,3518800,RUA DA POSSE,35188000174.0,,53,221,,
455,3518800,JARDIM ALBERTINA,35188000175.0,,85,295,,
456,3522208,PARQUE PARAÍSO,35222080001.0,,256,958,,
457,3522208,JARDIM JACIRA,35222080003.0,,62,247,,
458,3522208,GUARANI,35222080007.0,,70,267,,
459,3522505,JARDIM DONA ELVIRA,35225050001.0,,183,606,,
460,3522505,AREIÃO - 1ª ETAPA,35225050002.0,,371,1414,,
461,3522505,JARDIM SÃO LUIS,35225050003.0,,150,547,,
462,3522505,AREIÃO - 2ª ETAPA,35225050004.0,,147,606,,
463,3523107,VILA SARNEY,35231070002.0,,391,1440,,
464,3523107,VILA ESPERANÇA,35231070003.0,,503,1942,,
465,3523107,NÚCLEO VILA SÔNIA,35231070014.0,,211,783,,
466,3523107,JARDIM CANAÃ OU MORADA FELIZ,35231070005.0,2304.0,368,1297,1007.0,0.7764070932922128
467,3523107,NÚCLEO QUINTA DA BOA VISTA,35231070006.0,,1677,6130,,
468,3523107,TERRA PROMETIDA,35231070007.0,4232.0,920,3418,814.0,0.23815096547688708
469,3523107,RUA DA TUBULAÇÃO,35231070011.0,,842,3277,,
470,3523107,NÚCLEO VILA MONTE BELO,35231070013.0,,1247,4593,,
471,3523107,VILA SÔNIA,35231070004.0,,325,1238,,
472,3523107,PARQUE CALIFÓRNIA,35231070008.0,,230,827,,
473,3523107,MARENGO BAIXO,35231070009.0,,181,674,,
474,3523107,MARENGO,35231070010.0,,371,1363,,
475,3523107,KEMEL/VILA ARIZONA,35231070012.0,,146,586,,
476,3525003,DA RUA ESPERANÇA,35250030001.0,,502,1810,,
477,3525003,COMUNA URBANA DOM ELDER CÂMERA,35250030002.0,,76,262,,
478,3529401,RUA JOSÉ CÂNDIDO CERQUEIRA LEITE II,35294010001.0,6723.0,339,1097,5626.0,5.1285323609845035
479,3529401,JARDIM ORATÓRIO,35294010003.0,2552.0,6864,25771,-23219.0,-0.900973962981646
480,3529401,JARDIM CERQUEIRA LEITE / AVENIDA WASHINGTON LUÍS,35294010045.0,,738,2923,,
481,3529401,"ESTRADA ADUTORA DO RIO CLARO, Nº 237",35294010004.0,,279,1163,,
482,3529401,RUA TRÊS AMÉRICAS,35294010009.0,,337,1219,,
483,3529401,RUA AMÉRICA DO SUL,35294010028.0,,230,918,,
484,3529401,RUA JOAQUIM PEREIRA DOS SANTOS,35294010044.0,,206,738,,
485,3529401,RUA CHICO MENDES,35294010038.0,,285,984,,
486,3529401,RUA POMPEU BUZZETO,35294010032.0,,101,374,,
487,3529401,RUA PEDRO SERODE,35294010010.0,,336,1129,,
488,3529401,RUA ANTENOR NICÃO,35294010034.0,,113,352,,
489,3529401,RUA EVARISTO BASSO,35294010012.0,,147,550,,
490,3529401,AVENIDA JESUÍNO NICOMÉDIO SANTOS,35294010014.0,,178,567,,
491,3529401,JARDIM KENNEDY,35294010033.0,,420,1775,,
492,3529401,RUA IDA SCILLA GIANONI,35294010017.0,,106,370,,
493,3529401,RUA JOSÉ LEARDINI,35294010029.0,,102,356,,
494,3529401,RUA ARIZONA,35294010037.0,,56,168,,
495,3529401,NÚCLEO PEDREIRINHA,35294010013.0,,251,918,,
496,3529401,NÚCLEO PEDRINHA II,35294010043.0,,386,1344,,
497,3529401,RUA LIBERALLI POLIZEL,35294010023.0,,752,2719,,
498,3529401,AVENIDA DO MANACÁ,35294010030.0,,244,799,,
499,3529401,VILA CARLINA,35294010031.0,,252,946,,
500,3529401,CHAFIK / MACUCO,35294010007.0,8544.0,7104,25761,-17217.0,-0.6683358565273088
501,3529401,RUA VINÍCIUS DE MORAES,35294010025.0,,110,379,,
502,3529401,RUA CASSIANO RICARDO,35294010024.0,,126,439,,
503,3529401,CHÁCARA MARIA APARECIDA,35294010046.0,,542,2008,,
504,3529401,JARDIM ÉDEN,35294010039.0,,872,3158,,
505,3529401,RUA BENEDITO MAIA,35294010041.0,,380,1250,,
506,3529401,VIELA ARAPONGA,35294010027.0,,245,888,,
507,3529401,RUA JOÃO VARIN,35294010047.0,,110,442,,
508,3529401,RUA ANDIRÁ / ARANAVAI,35294010048.0,,149,649,,
509,3529401,RUA IMBUIA,35294010051.0,,52,194,,
510,3529401,RUA SATURNINO JOÃO DA SILVA,35294010049.0,,179,639,,
511,3529401,JARDIM PAJUSSARA,35294010052.0,,204,709,,
512,3529401,RUA DA CONQUISTA,35294010050.0,,99,345,,
513,3534401,NOVA PIRATININGA,35344010136.0,,91,320,,
514,3534401,JARDIM OSASCO - AF,35344010024.0,,83,379,,
515,3534401,JARDIM PACHECO CHAVES - BX,35344010030.0,,83,292,,
516,3534401,VILA FLAMENGO,35344010137.0,,93,369,,
517,3534401,JARDIM PIRATININGA - CI,35344010078.0,,691,2497,,
518,3534401,VILA SERVENTINA - BC,35344010046.0,,132,519,,
519,3534401,JARDIM ROCHDALE - P,35344010113.0,,776,2889,,
520,3534401,JARDIM MARIETA - N,35344010011.0,,502,1901,,
521,3534401,CIDADE MUNHOZ JÚNIOR - C2,35344010110.0,,118,464,,
522,3534401,BEL JARDIM - C2,35344010076.0,,337,1286,,
523,3534401,BEL JARDIM - CH 1,35344010029.0,,160,613,,
524,3534401,BEL JARDIM - CH,35344010048.0,,302,977,,
525,3534401,RADOR,35344010139.0,,65,256,,
526,3534401,JARDIM HELENA - J,35344010050.0,,809,2914,,
527,3534401,JARDIM ALIANÇA - DR,35344010103.0,,980,3543,,
528,3534401,JARDIM ROCHDALE,35344010112.0,16009.0,679,2433,13576.0,5.579942457870941
529,3534401,JARDIM ROCHDALE - I,35344010008.0,,858,3216,,
530,3534401,JARDIM ROCHDALE - BJ,35344010054.0,,1115,4056,,
531,3534401,JARDIM MARIETA - CD,35344010074.0,,154,576,,
532,3534401,JARDIM ADALGISA,35344010115.0,,105,359,,
533,3534401,JARDIM PADROEIRA - AA,35344010019.0,,240,951,,
534,3534401,ROCHDALE - L,35344010002.0,,88,314,,
535,3534401,CONJUNTO HABITACIONAL ULISSES GUIMARÃES,35344010067.0,,92,290,,
536,3534401,JARDIM PADROEIRA - CF,35344010033.0,,97,363,,
537,3534401,QUITAÚNA - BI,35344010053.0,,197,693,,
538,3534401,CIDADE MUNHOZ JÚNIOR - A,35344010001.0,,433,1793,,
539,3534401,JARDIM HELENA MARIA - K,35344010125.0,,195,648,,
540,3534401,JARDIM BARONESA - G,35344010007.0,,98,379,,
541,3534401,JARDIM BARONESA - CT,35344010088.0,6553.0,107,411,6142.0,14.944038929440389
542,3534401,VILA SÃO JOSÉ - L,35344010009.0,,185,718,,
543,3534401,JARDIM MUTINGA - BA,35344010045.0,,151,544,,
544,3534401,JARDIM NOVO OSASCO - AB,35344010020.0,,151,553,,
545,3534401,JAGUARIBE,35344010149.0,,153,602,,
546,3534401,JARDIM SÃO JORGE - AZ,35344010044.0,,203,799,,
547,3534401,JARDIM SANTO ANTÔNIO - AH,35344010131.0,,87,306,,
548,3534401,VILA SÃO FRANCISCO - AS,35344010037.0,,181,683,,
549,3534401,JARDIM TURÍBIO - BS,35344010063.0,,502,1764,,
550,3534401,JARDIM PADROEIRA,35344010122.0,,422,1642,,
551,3534401,CIDADE MUNHOZ JÚNIOR,35344010128.0,,649,2479,,
552,3534401,JARDIM HELENA MARIA - BM,35344010126.0,,271,946,,
553,3534401,VILA RODRIGUES - BE,35344010064.0,,62,220,,
554,3534401,JARDIM TEREZA - AV,35344010039.0,,228,783,,
555,3534401,JARDIM VELOSO - BK,35344010055.0,,271,1087,,
556,3534401,JARDIM TURÍBIO - AR,35344010051.0,,84,297,,
557,3534401,JARDIM MUNHOZ JÚNIOR - CB,35344010072.0,,157,603,,
558,3534401,JARDIM MUNHOZ JÚNIOR - E,35344010005.0,,119,445,,
559,3534401,JARDIM HELENA MARIA - D I,35344010004.0,,545,2086,,
560,3534401,VILA MENK - BU,35344010065.0,,142,525,,
561,3534401,VILA MENK - AY,35344010042.0,,213,832,,
562,3534401,JARDIM D'ÁVILA - CQ,35344010085.0,,184,707,,
563,3534401,JARDIM NOVO OSASCO - AD,35344010022.0,,99,376,,
564,3534401,JARDIM VELOSO - BN,35344010058.0,,218,869,,
565,3534401,JARDIM TURÍBIO - AP,35344010034.0,,188,680,,
566,3534401,JARDIM DAS BANDEIRAS - AQ I,35344010035.0,,246,915,,
567,3534401,JARDIM DAS BANDEIRAS,35344010117.0,,754,2896,,
568,3534401,JARDIM BARONESA - DF,35344010099.0,,252,973,,
569,3534401,JARDIM BONANÇA - BZ,35344010070.0,,124,452,,
570,3534401,JARDIM BARONESA - CY,35344010091.0,,430,1584,,
571,3534401,VILA MENK - BY,35344010068.0,,150,523,,
572,3534401,JARDIM SÃO VICTOR - U,35344010014.0,,168,696,,
573,3534401,JARDIM VELOSO - AE,35344010132.0,9362.0,822,3049,6313.0,2.0705149229255495
574,3534401,B.P.,35344010135.0,,230,826,,
575,3534401,BONANÇA P,35344010144.0,3113.0,600,2348,765.0,0.325809199318569
576,3534401,JARDIM SANTA RITA DE CÁSSIA - CP,35344010084.0,,188,741,,
577,3534401,VILA MENCK - CK,35344010079.0,,156,648,,
578,3534401,VELOSO - DG,35344010010.0,,33,127,,
579,3534401,AÇUCARÁ,35344010142.0,,432,1591,,
580,3534401,JARDIM PAULISTA - W,35344010016.0,,225,870,,
581,3534401,SANTA MARIA,35344010141.0,,525,2083,,
582,3534401,JARDIM NOVO OSASCO - AC,35344010021.0,,122,429,,
583,3534401,PORTAL D'OESTE,35344010148.0,1299.0,903,3278,-1979.0,-0.6037217815741306
584,3543303,NÚCLEO 29 DA JOÃO LÚCIO DE MORAES,35433030002.0,,222,821,,
585,3543303,NÚCLEO 22 JARDIM PRIMAVERA,35433030001.0,,186,678,,
586,3543303,NÚCLEO 07 CHÁCARA ALIANÇA - RUA PROJETADA E RUA PORTO DAS DU,35433030003.0,,269,1005,,
587,3543303,NÚCLEO 06 - 28 - 30 - 31 - 32 - 33 DA AV. CORONEL OLIVEIRA,35433030004.0,,215,765,,
588,3547304,JARDIM GRANADA,35473040005.0,,703,2548,,
589,3547304,VILA RANGEL,35473040006.0,146.0,397,1468,-1322.0,-0.9005449591280654
590,3547809,GAMBOA,35478090044.0,,342,1208,,
591,3547809,TAMARUTACA,35478090002.0,,1637,6185,,
592,3547809,JARDIM CRISTIANE,35478090073.0,,587,2281,,
593,3547809,CAIUBI TAIOCA,35478090051.0,,92,286,,
594,3547809,SACADURA CABRAL,35478090001.0,,515,2059,,
595,3547809,QUILOMBO II,35478090053.0,,199,801,,
596,3547809,HOMERO THON,35478090082.0,,248,850,,
597,3547809,SÃO SEBASTIÃO,35478090034.0,,146,532,,
598,3547809,NOVA CENTREVILLE,35478090083.0,,334,1137,,
599,3547809,NOVA PROGRESSO,35478090050.0,,142,507,,
600,3547809,QUEIRÓS FILHO,35478090015.0,,157,515,,
601,3547809,BOUGIVAL ASCENSÃO,35478090030.0,,123,408,,
602,3547809,VILA JUNQUEIRA,35478090037.0,,131,504,,
603,3547809,APUCARANA,35478090035.0,,201,704,,
604,3547809,VISTA ALEGRE,35478090067.0,,653,2410,,
605,3547809,CONDOMINÍO MARACANÃ,35478090012.0,,219,793,,
606,3547809,GREGÓRIO DE MATTOS,35478090013.0,,322,1217,,
607,3547809,LAMARTINE I,35478090055.0,,148,547,,
608,3547809,DOMINICANOS,35478090025.0,,167,572,,
609,3547809,CRUZADO II,35478090061.0,,1342,4900,,
610,3547809,BIZÂNCIO,35478090024.0,,247,800,,
611,3547809,MISSIONÁRIOS I,35478090026.0,,203,689,,
612,3547809,JOÃO DE BARROS,35478090085.0,,269,979,,
613,3547809,DOM JOÃO III,35478090028.0,,32,97,,
614,3547809,BARTOLOMEU DIAS,35478090027.0,,98,348,,
615,3547809,SÍTIO DOS VIANAS,35478090054.0,,1596,5285,,
616,3547809,JARDIM PRIMAVERA,35478090070.0,,331,1197,,
617,3547809,AMORITAS,35478090036.0,,308,1199,,
618,3547809,GALILÉIA,35478090020.0,,62,199,,
619,3547809,MAURÍCIO DE MEDEIROS,35478090084.0,,112,409,,
620,3547809,SANTA CRISTINA III,35478090021.0,,714,2422,,
621,3547809,SANTA CRISTINA I / NOVA CONQUISTA,35478090042.0,,322,1205,,
622,3547809,SANTA CRISTINA II,35478090032.0,,528,1860,,
623,3547809,PINTASSILGO,35478090059.0,69.0,775,2790,-2721.0,-0.975268817204301
624,3547809,CACONDE,35478090017.0,,73,265,,
625,3547809,VILA METALÚRGICA,35478090010.0,,468,1493,,
626,3547809,TOLEDANA,35478090068.0,54.0,799,2849,-2795.0,-0.9810459810459811
627,3547809,LAMARTINE II,35478090081.0,,942,3508,,
628,3547809,PEDRO AMÉRICO,35478090043.0,,308,1130,,
629,3547809,ESPÍRITO SANTO,35478090069.0,,699,2333,,
630,3547809,MARGINAL GUARARÁ,35478090029.0,,144,446,,
631,3547809,CHÁCARA BARONESA / HARAS,35478090074.0,,310,1137,,
632,3547809,ESPÍRITO SANTO II,35478090075.0,,849,3025,,
633,3547809,EUCALIPTOS,35478090078.0,,770,2941,,
634,3547809,JARDIM IRENE IV/II,35478090087.0,,480,1864,,
635,3547809,JARDIM IRENE V,35478090088.0,,377,1379,,
636,3547809,JARDIM IRENE III,35478090086.0,,362,1258,,
637,3547809,MISSIONÁRIOS II,35478090089.0,1769.0,283,1030,739.0,0.7174757281553398
638,3547809,SARAPUÍ,35478090006.0,,235,822,,
639,3547809,SAQUAREMA,35478090003.0,,193,620,,
640,3547809,JARDIM SOROCABA,35478090005.0,,758,2627,,
641,3547809,PIRACANJUBA / PADRE ADRIANUS,35478090009.0,,91,366,,
642,3547809,IPIRANGA I,35478090007.0,,222,824,,
643,3547809,CAPUAVA,35478090011.0,,1804,6427,,
644,3547809,IPIRANGA II,35478090079.0,,226,824,,
645,3547809,CAPUAVA UNIDA,35478090080.0,,111,405,,
646,3548708,DER - NÚCLEO 02,35487080001.0,,1328,4591,,
647,3548708,RUA AMAZONAS,35487080003.0,,1040,3418,,
648,3548708,JARDIM REGINA - NÚCLEO 33,35487080012.0,,1219,4613,,
649,3548708,LIMPÃO - NÚCLEO 68,35487080011.0,,1187,4205,,
650,3548708,HOLANDA CAVALCANTI - NÚCLEO 58,35487080014.0,,313,1070,,
651,3548708,JESUS NAZARETH - NÚCLEO 59,35487080013.0,,114,453,,
652,3548708,JARDIM SILVINA - NÚCLEO 66,35487080045.0,1309.0,1833,6670,-5361.0,-0.8037481259370315
653,3548708,TELES DE MENEZES,35487080081.0,,110,382,,
654,3548708,NOVA DIVINÉIA II,35487080078.0,,955,3366,,
655,3548708,JARDIM NOSSA SENHORA DE FÁTIMA - NÚCLEO 15,35487080025.0,,159,569,,
656,3548708,JARDIM VIA ANCHIETA - NÚCLEO 20,35487080005.0,,124,426,,
657,3548708,JARDIM LAVÍNIA - NÚCLEO 35,35487080065.0,,109,356,,
658,3548708,JARDIM CALUX - NÚCLEO 01,35487080002.0,26967.0,2473,9155,17812.0,1.945603495357728
659,3548708,NAVAL I,35487080022.0,,10,32,,
660,3548708,PAI HERÓI - NÚCLEO 17,35487080069.0,5678.0,705,2518,3160.0,1.254964257347101
661,3548708,ITAMARATI - NÚCLEO 42,35487080062.0,,186,641,,
662,3548708,ITATIBA COLINA - NÚCLEO 41,35487080036.0,,31,107,,
663,3548708,SÍTIO DOS VIANA - NÚCLEO 16,35487080068.0,,232,799,,
664,3548708,PARQUE SÃO BERNARDO - NÚCLEO 39,35487080037.0,2565.0,3223,11688,-9123.0,-0.7805441478439425
665,3548708,VILA ESPERANÇA - NÚCLEO 38,35487080040.0,631.0,1675,6298,-5667.0,-0.8998094633216894
666,3548708,VILA SÃO PEDRO - NÚCLEO 83,35487080070.0,5170.0,7669,26321,-21151.0,-0.8035788913795069
667,3548708,BOA VISTA - NÚCLEO 70,35487080038.0,,526,1921,,
668,3548708,NOVO PARQUE - NÚCLEO 62,35487080034.0,,515,1981,,
669,3548708,VIANA,35487080077.0,,442,1519,,
670,3548708,VILA SANTANA - NÚCLEO 84,35487080071.0,,390,1344,,
671,3548708,JARDIM INDUSTRIAL - NÚCLEO 40,35487080033.0,,331,1179,,
672,3548708,PEDREIRA MUNICIPAL - NÚCLEO 37,35487080039.0,,458,1620,,
673,3548708,BIQUINHA - NÚCLEO 43,35487080064.0,,325,1199,,
674,3548708,ESTRADA MONTANHÃO - NÚCLEO 64,35487080041.0,640.0,1503,5251,-4611.0,-0.8781184536278804
675,3548708,AREIÃO - NÚCLEO 51,35487080043.0,,1546,5426,,
676,3548708,SABESP - NÚCLEO 32,35487080046.0,12.0,932,3304,-3292.0,-0.9963680387409201
677,3548708,JARDIM JUSSARA - NÚCLEO 73,35487080047.0,498.0,118,409,89.0,0.2176039119804401
678,3548708,LULALDO,35487080079.0,67.0,505,1953,-1886.0,-0.9656938044034818
679,3548708,BATISTINI - RUA FLORES - NÚCLEO 65,35487080053.0,,1289,4511,,
680,3548708,VILA DO BOSQUE - NÚCLEO 57,35487080048.0,2760.0,505,1708,1052.0,0.6159250585480094
681,3548708,JARDIM REPRÊSA FLORESTAL - NÚCLEO 48,35487080050.0,,381,1391,,
682,3548708,DETROIT - NÚCLEO 11,35487080019.0,,357,1345,,
683,3548708,VILA CARMINHA - NÚCLEO 12,35487080017.0,,412,1489,,
684,3548708,JARDIM IPÊ - NÚCLEO 13,35487080026.0,,604,2098,,
685,3548708,SANTA MÔNICA - NÚCLEO 67,35487080049.0,,948,3639,,
686,3548708,JARDIM CLAUDIA - NÚCLEO 18,35487080020.0,,647,2314,,
687,3548708,JARDIM DO LAGO,35487080083.0,,261,853,,
688,3548708,REPRÊSA - ALVARENGA - CAMA PAR - NÚCLEO 53,35487080052.0,,1243,4203,,
689,3548708,BAIRRO ALVARENGA,35487080076.0,,154,581,,
690,3548708,VILA SOARES,35487080059.0,,155,566,,
691,3548708,JARDIM VENOYAMA - NÚCLEO 07,35487080042.0,,222,812,,
692,3548708,VILA ESMERALDA - NÚCLEO 04,35487080027.0,2841.0,265,935,1906.0,2.0385026737967915
693,3548708,VILA FERREIRA - NÚCLEO 03,35487080028.0,,466,1524,,
694,3548708,JARDIM BELITA NAZARETH - NÚCLEO 05,35487080029.0,,547,1914,,
695,3548708,SONIA MARIA - BURACO QUENTE - NÚCLEO 09,35487080061.0,,150,475,,
696,3548708,PARQUE HAWAÍ,35487080080.0,,618,2252,,
697,3548708,VILA GALILÉIA,35487080075.0,,307,974,,
698,3548708,TRANSMISSÃO DA MERCEDES - NÚCLEO 22,35487080063.0,,275,926,,
699,3548708,NAVAL II,35487080073.0,,124,469,,
700,3548708,MOREIRA BERNARDES,35487080082.0,,160,553,,
701,3548708,JD. INDUSTRIAL (GLEBAS 1/2),35487080010.0,,265,954,,
702,3548708,DO TICO,35487080084.0,16.0,254,907,-891.0,-0.9823594266813671
703,3548708,VILA PELÉ - NÚCLEO 31,35487080057.0,344.0,177,603,-259.0,-0.4295190713101161
704,3550308,JARDIM JARAGUÁ I,35503081115.0,,237,891,,
705,3550308,JARDIM JARAGUÁ II,35503081121.0,,78,248,,
706,3550308,JARDIM JARAGUÁ I,35503081116.0,,374,1193,,
707,3550308,MORRO DOCE II,35503081117.0,,310,1019,,
708,3550308,FAIÇAL MURAD,35503081118.0,,136,498,,
709,3550308,MORRO DOCE I,35503081119.0,,120,438,,
710,3550308,MORRO DOCE III,35503081122.0,,57,202,,
711,3550308,VILA SULINA,35503081120.0,,200,699,,
712,3550308,VILA CÉSAR I,35503080029.0,,279,1064,,
713,3550308,COHAB,35503080567.0,,393,1586,,
714,3550308,SÃO JOSÉ (VILA MATILDE),35503080738.0,,170,614,,
715,3550308,ESPERANTINÓPOLIS,35503080067.0,,742,2846,,
716,3550308,ITAQUERA C/ COHAB,35503080037.0,,237,880,,
717,3550308,ÁGUA BRANCA,35503080080.0,,265,987,,
718,3550308,NELSON CRUZ,35503080726.0,,496,1898,,
719,3550308,DO MOINHO,35503080845.0,,532,1656,,
720,3550308,OURO VELHO,35503080125.0,,410,1525,,
721,3550308,PARQUE BELÉM,35503080207.0,,443,1784,,
722,3550308,BARREIRO,35503080005.0,,252,992,,
723,3550308,REAL GRANDEZA,35503080100.0,,284,998,,
724,3550308,ITAMBÉ DO MATO DENTRO,35503080688.0,,511,1876,,
725,3550308,MIRANGABA,35503080042.0,,283,1050,,
726,3550308,VIRAJUBA,35503080073.0,,105,404,,
727,3550308,CARLOS MATTIS,35503080253.0,,56,199,,
728,3550308,JARDIM NOVA ESPERANÇA,35503080169.0,,174,661,,
729,3550308,PÓ,35503080148.0,,544,1977,,
730,3550308,JARDIM ICARAÍ,35503080266.0,,895,3326,,
731,3550308,JARDIM GUARANI,35503081310.0,,130,455,,
732,3550308,VILA TERESINHA II,35503080689.0,,281,1015,,
733,3550308,VILA TERESINHA I,35503080707.0,,306,1037,,
734,3550308,CANTÍDIO SAMPAIO,35503080690.0,,188,724,,
735,3550308,ELISA MARIA,35503080973.0,,965,3456,,
736,3550308,MANOEL AQUILINO DOS SANTOS II,35503080143.0,,414,1438,,
737,3550308,AGENOR A. MEIRA,35503080302.0,,352,1235,,
738,3550308,JÚLIO PINHEIRO,35503080312.0,,237,822,,
739,3550308,JARDIM ALMANARA,35503080691.0,,51,186,,
740,3550308,AMADEO MENOCHI,35503080278.0,,191,667,,
741,3550308,ROMULO NALDI,35503080988.0,,1091,3902,,
742,3550308,ARISTEU VALENTE,35503080693.0,,135,707,,
743,3550308,PENHA BRASIL,35503080321.0,,215,855,,
744,3550308,FIRMINÓPOLIS,35503080339.0,,125,475,,
745,3550308,VISTA ALEGRE,35503080392.0,,537,1962,,
746,3550308,ARACANGUIRA,35503080347.0,,342,1132,,
747,3550308,TABOADO,35503080386.0,,760,2801,,
748,3550308,CORUMBÉ,35503080692.0,,454,1617,,
749,3550308,LEÔNIDAS MARMELO,35503080380.0,,400,1486,,
750,3550308,JARDIM BRASÍLIA,35503080015.0,,390,1385,,
751,3550308,ALBACORA,35503081312.0,,208,772,,
752,3550308,CAROMBÉ DO ALTO,35503081315.0,,75,302,,
753,3550308,JARDIM PARANÁ,35503081316.0,,168,687,,
754,3550308,BANANAL DIREITO,35503081317.0,,759,2847,,
755,3550308,MANOEL AQUILINO DOS SANTOS I,35503080969.0,,72,278,,
756,3550308,MIGUEL ARCANJO,35503080971.0,,68,242,,
757,3550308,TIRO AO POMBO,35503080972.0,5681.0,321,1231,4450.0,3.6149471974004874
758,3550308,ALBACORÁ,35503080975.0,,41,151,,
759,3550308,TEREZA,35503080974.0,,159,599,,
760,3550308,CARLOS FELBER,35503080989.0,,195,760,,
761,3550308,IBOTI,35503080683.0,,284,1024,,
762,3550308,INFERNINHO,35503080976.0,,106,374,,
763,3550308,JARDIM CARUMBÉ,35503080977.0,,209,791,,
764,3550308,PEDREIRA I,35503080979.0,,692,2377,,
765,3550308,QUADRA A,35503080980.0,,157,562,,
766,3550308,JARDIM PAULISTANO,35503080981.0,,218,831,,
767,3550308,CLARA NUNES,35503080982.0,,108,381,,
768,3550308,VILA SOUZA,35503080983.0,,86,324,,
769,3550308,ALEGRIA,35503080985.0,,146,547,,
770,3550308,SÃO GERALDO JARDEL FILHO,35503080986.0,,40,153,,
771,3550308,GREGÓRIO POMAR,35503080987.0,,41,143,,
772,3550308,ODASSI NAZZALI,35503080020.0,,517,1837,,
773,3550308,JARDIM PERI NOVO,35503080197.0,,353,1277,,
774,3550308,CACHOEIRA DOS ANTUNES,35503080135.0,6212.0,458,1756,4456.0,2.5375854214123006
775,3550308,SUCUPIRA I,35503080059.0,,249,1005,,
776,3550308,CONDESSA AMÁLIA MATARAZZO,35503080307.0,,121,473,,
777,3550308,SÃO GERALDO,35503080215.0,,327,1229,,
778,3550308,PAINEIRA,35503080272.0,,227,803,,
779,3550308,CAMPO GUARANI,35503080770.0,,377,1304,,
780,3550308,JARDIM PERI ALTO,35503080231.0,,446,1716,,
781,3550308,MANOEL NOGUEIRA GAMA,35503080245.0,,111,436,,
782,3550308,SERRANA FLUMINENSE,35503080259.0,,259,956,,
783,3550308,TRÊS FRONTEIRAS,35503080284.0,,237,877,,
784,3550308,LETÍCIA LICI,35503080326.0,,265,955,,
785,3550308,COMUNIDADE DE SÃO JOSÉ,35503080317.0,,286,1046,,
786,3550308,FLAMENGO,35503080296.0,,565,2167,,
787,3550308,DO SAPO,35503080837.0,,89,337,,
788,3550308,JARDIM PERI ALTO II,35503080767.0,,349,1432,,
789,3550308,JARDIM PERI ALTO I,35503080766.0,,184,836,,
790,3550308,JARDIM PERI ALTO III,35503080768.0,,132,527,,
791,3550308,TRÊS FRONTEIRAS I,35503080881.0,,156,566,,
792,3550308,LETÍCIA CINI I,35503080882.0,,619,2242,,
793,3550308,JARDIM PERI NOVO I,35503080883.0,,52,175,,
794,3550308,SEM DENOMINAÇÃO 03,35503080930.0,,163,604,,
795,3550308,SEM DENOMINAÇÃO 04,35503080931.0,,59,222,,
796,3550308,COIMBRA,35503081169.0,,77,263,,
797,3550308,CABUÇÚ,35503081318.0,,44,151,,
798,3550308,CABUÇU I,35503081170.0,,106,401,,
799,3550308,BURACO QUENTE,35503080201.0,,151,578,,
800,3550308,BURACO QUENTE I,35503080077.0,,123,502,,
801,3550308,MORRO DO PIOLHO,35503080010.0,,136,507,,
802,3550308,BURACO FRIO,35503080324.0,,168,549,,
803,3550308,JURANDIR,35503080129.0,,134,448,,
804,3550308,PANTALEÃO,35503080152.0,,139,444,,
805,3550308,SANTA CATARINA II,35503080257.0,,286,1108,,
806,3550308,DO ZOIÃO,35503080833.0,,109,359,,
807,3550308,TIBIRIÇÁ,35503081123.0,,47,175,,
808,3550308,CAMPO GRANDE,35503080158.0,,508,1904,,
809,3550308,CAMPO GRANDE / RUA SANTANA,35503080851.0,,230,856,,
810,3550308,JOÃO BATISTA DI VITORIANO,35503080850.0,,85,310,,
811,3550308,JARDIM CONSÓRCIO,35503080852.0,,120,417,,
812,3550308,AVENIDA MARGINAL,35503081278.0,,42,154,,
813,3550308,JARDIM PEDREIRA,35503081176.0,,120,441,,
814,3550308,JARDIM CATANDUVA,35503080742.0,,442,1555,,
815,3550308,PROFESSORA NINA STOCCO,35503080783.0,,111,410,,
816,3550308,JARDIM MORRO ORIENTE,35503080584.0,,292,1092,,
817,3550308,REGINA,35503080459.0,,147,607,,
818,3550308,HELGA,35503080318.0,,359,1364,,
819,3550308,JARDIM OLINDA I,35503080581.0,,259,888,,
820,3550308,JARDIM OLINDA II,35503080582.0,,840,2863,,
821,3550308,JARDIM EVANA,35503080587.0,,378,1382,,
822,3550308,JARDIM UMUARAMA,35503080586.0,,423,1532,,
823,3550308,JARDIM ROSANA,35503081022.0,,395,1303,,
824,3550308,LEÔNIDAS MOREIRA,35503080390.0,,350,1221,,
825,3550308,JARDIM REBOUÇAS,35503080456.0,,596,2144,,
826,3550308,PARQUE ARARIBA I,35503080732.0,,396,1371,,
827,3550308,ZACARIAS,35503080741.0,,297,1001,,
828,3550308,JARDIM OLINDA III,35503080585.0,,129,437,,
829,3550308,PARQUE ARARIBA II,35503080382.0,,69,237,,
830,3550308,JARDIM PIRACUANA,35503080580.0,,97,349,,
831,3550308,SANTA IFIGÊNIA,35503080583.0,,330,1194,,
832,3550308,CAPELINHA,35503080260.0,,548,1893,,
833,3550308,MONFORTE DE LEMOS,35503081319.0,,384,1361,,
834,3550308,JARDIM LUZITÂNIA II,35503080594.0,,107,547,,
835,3550308,VILA MAIZA,35503080592.0,,73,303,,
836,3550308,JARDIM REBOUÇAS II,35503080725.0,,136,509,,
837,3550308,ARARIBÁ,35503080446.0,,254,879,,
838,3550308,GALPOZANI,35503080089.0,,366,1222,,
839,3550308,JARDIM LUZITÂNIA I,35503080593.0,,240,865,,
840,3550308,MORRO DA LUA,35503081020.0,,390,1393,,
841,3550308,CARUZA,35503080524.0,6213.0,337,1212,5001.0,4.126237623762377
842,3550308,JARDIM MITSUTANI,35503080599.0,,246,867,,
843,3550308,JARDIM DAS PALMAS,35503080722.0,,84,335,,
844,3550308,MARIA SAMPAIO,35503080384.0,,118,435,,
845,3550308,NINA STOCCO,35503080876.0,,25,93,,
846,3550308,SEM DENOMINAÇÃO 05,35503080932.0,,92,298,,
847,3550308,OLARIA,35503081016.0,,241,894,,
848,3550308,SEM DENOMINAÇÃO 01,35503080877.0,,121,436,,
849,3550308,JARDIM FARIA LIMA,35503081009.0,,64,226,,
850,3550308,JARDIM PARIS,35503081010.0,,45,157,,
851,3550308,MISSIONÁRIA,35503080596.0,16826.0,644,2221,14605.0,6.575866726699685
852,3550308,JARDIM ANA MARIA,35503081011.0,,69,233,,
853,3550308,MANDIOCA III,35503081014.0,,83,268,,
854,3550308,VALE DAS VIRTUDES,35503081015.0,,60,224,,
855,3550308,VILA NOVA,35503081322.0,,125,456,,
856,3550308,RAUL DE LEONI RAMOS,35503081017.0,,59,234,,
857,3550308,NOVA SÃO ROQUE,35503081018.0,,107,384,,
858,3550308,CONSTANTINO DE OLIVEIRA LEDO I,35503081019.0,,91,293,,
859,3550308,JANIÓPOLIS,35503080739.0,,176,727,,
860,3550308,RUBENS FRAGA DE TOLEDO ARRUDA,35503080043.0,,1129,4404,,
861,3550308,SEM DENOMINAÇÃO 06,35503080934.0,,118,429,,
862,3550308,PIRATININGA,35503080841.0,,203,758,,
863,3550308,QUERALUZ,35503080842.0,,149,555,,
864,3550308,LUÍS OLIVIERI,35503080990.0,,87,282,,
865,3550308,VILA BUENOS AIRES,35503080991.0,,134,488,,
866,3550308,GOITA,35503080992.0,,74,266,,
867,3550308,JAÚ,35503080993.0,,54,200,,
868,3550308,ITAOCA,35503080273.0,,265,963,,
869,3550308,GISMAR OU GILMAR,35503080590.0,,205,630,,
870,3550308,JARDIM PIRACEMA DO PASTOR,35503080595.0,,130,462,,
871,3550308,SABIM,35503080465.0,,119,416,,
872,3550308,COMENDADOR,35503080516.0,,191,720,,
873,3550308,HERCIÓPOLIS,35503080724.0,,238,847,,
874,3550308,FRANCISCO DE ABREU,35503080520.0,,484,1628,,
875,3550308,CLARICE,35503080366.0,,216,763,,
876,3550308,JARDIM SORAIA I,35503080600.0,,172,594,,
877,3550308,JARDIM COMERCIAL I,35503080418.0,,461,1546,,
878,3550308,JARDIM COMERCIAL II,35503080422.0,,751,2584,,
879,3550308,JARDIM ALVORADA,35503080601.0,,529,1882,,
880,3550308,JARDIM ALVORADA II,35503080597.0,,133,462,,
881,3550308,CAMPO DOS FERREIRAS I,35503081324.0,,344,1262,,
882,3550308,AURÉLIO,35503080285.0,,183,655,,
883,3550308,VALKÍRIA III,35503080530.0,,1518,5358,,
884,3550308,JARDIM WALQUIRIA I,35503081325.0,6214.0,1031,3565,2649.0,0.7430575035063114
885,3550308,FRANISCO LACERDA E ALMEIDA,35503081326.0,,204,701,,
886,3550308,PARQUE VERA CRUZ,35503080589.0,,418,1439,,
887,3550308,VERA CRUZ I,35503080468.0,,275,986,,
888,3550308,VERA CRUZ II,35503080471.0,,262,923,,
889,3550308,VAZ DE LIMA,35503080336.0,,401,1415,,
890,3550308,JARDIM COMERCIAL III,35503080532.0,,871,3092,,
891,3550308,JARDIM MAGDALENA,35503080430.0,,1023,3517,,
892,3550308,JOIM MARCIANO,35503080352.0,,488,1661,,
893,3550308,JARDIM PIRAJUSSARA,35503080598.0,,146,556,,
894,3550308,JARDIM FERRAZ,35503080591.0,,255,970,,
895,3550308,CAMPO DE FORA II,35503080579.0,,454,1748,,
896,3550308,CAMPO DE FORA IV,35503080544.0,,374,1413,,
897,3550308,JARDIM SÃO BENTO I,35503080477.0,,1017,3620,,
898,3550308,SANTA EMÍLIA,35503080603.0,,312,1160,,
899,3550308,JARDIM DAS ROSAS II,35503080426.0,,240,913,,
900,3550308,JARDIM DAS ROSAS,35503080372.0,,221,807,,
901,3550308,JARDIM MACEDÔNIA,35503080406.0,,167,630,,
902,3550308,GIRASSÓIS,35503080786.0,,129,426,,
903,3550308,DIVISA DO JARDIM MACEDÔNIA,35503080517.0,,344,1266,,
904,3550308,NUNO ROLANDO,35503080442.0,,449,1578,,
905,3550308,JARDIM ANGELA,35503080495.0,,736,2615,,
906,3550308,JARDIM ANA,35503080605.0,,100,363,,
907,3550308,NOVA FLORESTA,35503081327.0,,215,760,,
908,3550308,CIDADE JÚLIA GUAICURI II,35503080904.0,,425,1426,,
909,3550308,VALKÍRIA II,35503080308.0,,311,1064,,
910,3550308,JARDIM GERMÂNIA - JARDIM CAMPO DE FORA,35503081328.0,,51,186,,
911,3550308,PARQUE SANTO DIAS,35503081023.0,,80,299,,
912,3550308,SAMUEL COOPER / JARDIM BOA ESPERANÇA,35503081024.0,,96,297,,
913,3550308,LOUIS CARAVAQUE,35503081025.0,,140,475,,
914,3550308,ALFREDO OMETECIDIO,35503081027.0,,51,194,,
915,3550308,PARQUE FERNANDA II,35503081028.0,,110,383,,
916,3550308,BASÍLIO TELES,35503081029.0,,109,420,,
917,3550308,JARDIM SORAIA II,35503081030.0,,55,199,,
918,3550308,PARQUE FERNANDA I,35503081031.0,,85,287,,
919,3550308,JARDIM SÃO BENTO NOVO,35503081329.0,,95,333,,
920,3550308,PARANAPANEMA I,35503081032.0,,193,631,,
921,3550308,VANGUARDA,35503081035.0,,184,634,,
922,3550308,DANIEL GRAN,35503081036.0,,139,458,,
923,3550308,PARQUE DO ENGENHO,35503081038.0,,66,193,,
924,3550308,SEBASTIÃO ADVINCOLA CUNHA,35503081039.0,,49,185,,
925,3550308,CAMPO DE FORA III,35503080216.0,,15,64,,
926,3550308,VALE DAS VIRTUDES III,35503081041.0,,142,521,,
927,3550308,JOANIZA I,35503080526.0,,274,1062,,
928,3550308,VILA JOANIZA II,35503080536.0,,123,452,,
929,3550308,AMERICANÓPOLIS,35503080588.0,6792.0,160,610,6182.0,10.134426229508197
930,3550308,VILA JOANIZA,35503080178.0,,301,1042,,
931,3550308,MARARI,35503080743.0,,108,309,,
932,3550308,CAIXA D'ÁGUA,35503080820.0,,81,314,,
933,3550308,FUTI MATAR,35503080860.0,,304,992,,
934,3550308,SÃO CARLOS,35503080535.0,,1290,4602,,
935,3550308,BURACO DO SAPO,35503080527.0,,201,767,,
936,3550308,SÃO CARLOS II,35503080232.0,,747,2712,,
937,3550308,ITAPURÁ II,35503080545.0,,215,845,,
938,3550308,JARDIM ITAPURÁ II,35503080355.0,7255.0,518,2040,5215.0,2.5563725490196076
939,3550308,JARDIM ITAPURÁ III,35503080546.0,,360,1319,,
940,3550308,UBERABA,35503080538.0,,213,752,,
941,3550308,JARDIM ORLI,35503080745.0,,784,2706,,
942,3550308,SÃO JOÃO DA BOA VISTA,35503080525.0,13584.0,332,1170,12414.0,10.61025641025641
943,3550308,SELMA II,35503080503.0,,747,2816,,
944,3550308,JARDIM SÃO JORGE,35503080534.0,,425,1560,,
945,3550308,APARECIDA,35503080537.0,,491,1781,,
946,3550308,SANTO AFONSO I,35503080511.0,,674,2337,,
947,3550308,BRÁS DE ABREU,35503080528.0,,664,2435,,
948,3550308,SANTO AFONSO II,35503080509.0,,247,871,,
949,3550308,CANTO DA NOITE,35503081330.0,,200,593,,
950,3550308,ESTRELA SOLITÁRIA III,35503080529.0,,433,1521,,
951,3550308,ESTRELA SOLITÁRIA,35503080541.0,,1138,3867,,
952,3550308,GUACURI I,35503080327.0,,666,2327,,
953,3550308,VILA INGLESA,35503080136.0,,299,1028,,
954,3550308,PAPA GREGÓRIO MAGNO,35503080819.0,,317,1083,,
955,3550308,CORÉIA,35503080113.0,,361,1326,,
956,3550308,FULVARO,35503080371.0,,124,514,,
957,3550308,LIGHT OU VILA CLARA OU VILA UNIÃO,35503080395.0,,60,204,,
958,3550308,DIVISA,35503080754.0,,276,950,,
959,3550308,SEBASTIÃO AFONSO,35503080413.0,,247,1010,,
960,3550308,FRANCISCO ALVARENGA,35503080758.0,,198,675,,
961,3550308,CIDADE JÚLIA,35503080817.0,,2575,9168,,
962,3550308,CIRENAICA OU M. LUÍZA DO ESPÍRITO SANTO,35503080445.0,,191,647,,
963,3550308,ANTONIO LOTI,35503080863.0,,219,840,,
964,3550308,SELMA,35503080902.0,,196,683,,
965,3550308,JARDIM ZAIRA,35503081251.0,,96,309,,
966,3550308,SANTA ROSA,35503081283.0,,86,309,,
967,3550308,AMERICANÓPOLIS II,35503081284.0,,55,207,,
968,3550308,GUANABARA,35503081285.0,,106,394,,
969,3550308,JARDIM MARTINI,35503081286.0,,165,564,,
970,3550308,VILA DAS PRATAS,35503081287.0,,309,1105,,
971,3550308,ABACATEIRO,35503081288.0,,92,362,,
972,3550308,JARDIM MIRIAN,35503081290.0,,40,149,,
973,3550308,JARDIM LUSO,35503081291.0,,288,943,,
974,3550308,RIO BONITO,35503080007.0,,354,1244,,
975,3550308,SATÉLITE,35503080455.0,,436,1621,,
976,3550308,SOROCABANA,35503080428.0,,245,915,,
977,3550308,JARDIM SÃO JUDAS,35503080715.0,,162,581,,
978,3550308,JARDIM RUBI,35503080504.0,,461,1659,,
979,3550308,JARDIM PRESIDENTE,35503080349.0,,641,2431,,
980,3550308,IPORANGA,35503080713.0,,200,680,,
981,3550308,JARDIM BONITO,35503080376.0,,1503,5657,,
982,3550308,JARDIM GUANHEMBU,35503080619.0,,269,1011,,
983,3550308,JARDIM VICENTE E JARDIM EDITH,35503080506.0,,434,1674,,
984,3550308,JARDIM IMPÉRIO,35503080500.0,,195,727,,
985,3550308,NÚCLEO POPULAR SANTOS DIAS DA SILVA,35503080764.0,,134,525,,
986,3550308,JARDIM ORION,35503080618.0,,342,1328,,
987,3550308,MORRO DA MANDIOCA,35503080763.0,,520,2078,,
988,3550308,JARDIM DAS IMBUIAS II,35503080075.0,,567,2067,,
989,3550308,JARDIM DAS IMBUIAS I,35503080436.0,,460,1720,,
990,3550308,AUTÓDROMO,35503080482.0,,253,1037,,
991,3550308,JARDIM QUARTO CENTENÁRIO,35503080616.0,,282,1035,,
992,3550308,SANTA EDWIGES,35503080370.0,,260,925,,
993,3550308,VILA DIANA,35503080622.0,,86,283,,
994,3550308,SANTA CECÍLIA,35503080424.0,,218,734,,
995,3550308,JARDIM VISTA ALEGRE II,35503080620.0,,77,253,,
996,3550308,JARDIM POUSO ALEGRE,35503080452.0,,384,1339,,
997,3550308,NICARÁGUA,35503080479.0,,807,2972,,
998,3550308,PAZ (CAPELA DO SOCORRO),35503080730.0,,773,2579,,
999,3550308,MANOEL TEFFÉ,35503080432.0,,254,977,,
1000,3550308,SÃO JOSÉ (CAPELA DO SOCORRO),35503080150.0,,263,930,,
1001,3550308,JARDIM ALPINO II,35503080458.0,,157,506,,
1002,3550308,JARDIM FLORESTA,35503080765.0,,61,203,,
1003,3550308,JARDIM VISTA ALEGRE I,35503080621.0,,163,613,,
1004,3550308,ALPINO,35503080448.0,,204,711,,
1005,3550308,JARDIM,35503080880.0,,124,458,,
1006,3550308,PARQUE ALTO,35503081280.0,,109,384,,
1007,3550308,COMUNIDADE DO TUDO,35503081281.0,,20,87,,
1008,3550308,CHÁCARA NOSSA SENHORA APARECIDA,35503081282.0,,192,731,,
1009,3550308,FAZENDA ARICANDUVA,35503080568.0,,261,912,,
1010,3550308,JOAQUIM MEIRA,35503081065.0,13893.0,600,2209,11684.0,5.289271163422363
1011,3550308,CARLO MADERNA,35503080569.0,,371,1326,,
1012,3550308,JARDIM ELIANE,35503080036.0,,1188,4052,,
1013,3550308,CIDADE LÍDER II,35503080675.0,,124,473,,
1014,3550308,LÍDER,35503080674.0,,452,1592,,
1015,3550308,MORADA DO SOL,35503081064.0,,522,1788,,
1016,3550308,JARDIM SANTA TEREZINHA II,35503081066.0,,115,431,,
1017,3550308,VILA HORTÊNCIA,35503081042.0,,609,2282,,
1018,3550308,CACHOEIRA DO MAÇARANDUBA,35503080804.0,,157,623,,
1019,3550308,CACHOEIRA DAS GARÇAS,35503081331.0,,343,1248,,
1020,3550308,SANTA EFIGÊNIA,35503080044.0,,298,1133,,
1021,3550308,CASTRO ALVES,35503081332.0,,505,1980,,
1022,3550308,SEM DENOMINAÇÃO 07,35503080936.0,,133,512,,
1023,3550308,IGUATEMI,35503081046.0,,279,1246,,
1024,3550308,AV NAYLON DE OLIVEIRA,35503080938.0,,309,1190,,
1025,3550308,SEM DENOMINAÇÃO 08,35503080937.0,,208,734,,
1026,3550308,SEN DENOMINAÇÃO 18,35503080949.0,,236,830,,
1027,3550308,BURACÃO,35503081045.0,,352,1360,,
1028,3550308,DOM MACÁRIO,35503080685.0,9262.0,1113,4045,5217.0,1.2897404202719407
1029,3550308,ÁGUA FUNDA,35503080425.0,,131,554,,
1030,3550308,SANTA ANGELA,35503080248.0,,129,519,,
1031,3550308,FAZENDINHA,35503081127.0,,88,322,,
1032,3550308,VIELA WALTER,35503081128.0,,100,350,,
1033,3550308,SANTO STEFANO I,35503081129.0,,85,330,,
1034,3550308,FERNÃO MENDES PINTO,35503080172.0,,190,738,,
1035,3550308,DEDO MÁGICO,35503080561.0,,297,1034,,
1036,3550308,PRAÇA ONZE,35503080076.0,,584,2079,,
1037,3550308,VILA DANIA MUNGO PARK,35503081336.0,,317,1231,,
1038,3550308,CRIANÇAS,35503080563.0,,445,1572,,
1039,3550308,VERONIA II,35503081049.0,,109,377,,
1040,3550308,SAPOLÂNDIA,35503081050.0,,110,404,,
1041,3550308,VILA CISPER,35503081051.0,,291,1014,,
1042,3550308,TEÓLOGO JOHN WESLEY,35503081052.0,,80,317,,
1043,3550308,DENDEZEIRO,35503081053.0,,68,236,,
1044,3550308,POLINÉSIA,35503081054.0,,145,528,,
1045,3550308,VILA PALMEIRA,35503080082.0,,124,460,,
1046,3550308,VILA ACRE,35503080054.0,,241,923,,
1047,3550308,VILA REGINA,35503080108.0,,188,680,,
1048,3550308,MATOSO,35503080019.0,,331,1239,,
1049,3550308,JARDIM ITAJAÍ,35503080644.0,,254,972,,
1050,3550308,VILA NASCENTE,35503080731.0,,558,2056,,
1051,3550308,BARRO BRANCO,35503080639.0,,177,646,,
1052,3550308,JARDIM NORONHA,35503080650.0,,854,3055,,
1053,3550308,JARDIM ALMEIDA E SETE DE SETEMBRO,35503080716.0,,164,662,,
1054,3550308,JARDIM TRÊS CORAÇÕES,35503080645.0,,76,286,,
1055,3550308,GRAJAÚ II,35503080510.0,,220,839,,
1056,3550308,BORORÉ,35503080488.0,,416,1455,,
1057,3550308,COCAIA,35503080498.0,,712,2599,,
1058,3550308,JARDIM MORAES PRADO,35503080467.0,,183,669,,
1059,3550308,FELÍCIA,35503080781.0,,639,2381,,
1060,3550308,JARDIM SANTA FÉ I,35503080646.0,,77,314,,
1061,3550308,NOVA GARAU,35503080635.0,,412,1467,,
1062,3550308,PARQUE COCAIA VII,35503080907.0,,658,2329,,
1063,3550308,PARQUE COCAIA VI,35503080908.0,,258,867,,
1064,3550308,CANTINHO DO CÉU III,35503080909.0,,262,926,,
1065,3550308,JARDIM ZILDA,35503080651.0,,323,1102,,
1066,3550308,CANTINHO DE CÉU V,35503080910.0,,232,790,,
1067,3550308,JARDIM MYRNA,35503080714.0,,96,346,,
1068,3550308,CANTINHO DO CÉU VII,35503080911.0,,256,958,,
1069,3550308,CANTINHO DO CÉU VIII,35503080912.0,2914.0,434,1455,1459.0,1.0027491408934708
1070,3550308,CANTINHO DO CÉU IX,35503080913.0,,173,667,,
1071,3550308,CANTINHO DO CÉU X,35503080914.0,,207,711,,
1072,3550308,NATAL,35503080782.0,,211,762,,
1073,3550308,PARQUE EUROPA II,35503080636.0,,303,1079,,
1074,3550308,PARQUE COCAIA II,35503081337.0,,50,167,,
1075,3550308,PARQUE GRAJAÚ III,35503080485.0,,431,1620,,
1076,3550308,JARDIM ICARAÍ II E III,35503081338.0,,132,517,,
1077,3550308,PARQUE DO COCAIA I,35503080627.0,,200,673,,
1078,3550308,PARQUE GRAJAÚ,35503080915.0,,315,1182,,
1079,3550308,PARQUE RESIDENCIAL COCAIA 'A',35503081339.0,,416,1531,,
1080,3550308,MORRO DA ALEGRIA,35503080209.0,,548,1874,,
1081,3550308,CANTINHO DO CÉU XIV,35503080916.0,,398,1424,,
1082,3550308,CANTINHO DO CÉU XV,35503080917.0,,305,1049,,
1083,3550308,PARQUE SÃO PAULO,35503080440.0,,1298,4635,,
1084,3550308,CANTINHO DO CÉU XVII,35503080918.0,,213,719,,
1085,3550308,PARQUE PLANALTO,35503080630.0,,473,1690,,
1086,3550308,PARQUE GRAJAÚ I,35503080634.0,,710,2566,,
1087,3550308,ALTO DA ALEGRIA,35503081340.0,,361,1273,,
1088,3550308,PARQUE PLANALTO II,35503081341.0,,131,399,,
1089,3550308,PARQUE PLANALTO I,35503081342.0,,375,1323,,
1090,3550308,JARDIM DOS MANACÁS,35503080420.0,,358,1118,,
1091,3550308,JARDIM MANACÁS,35503081343.0,,145,524,,
1092,3550308,PARQUE DO COCAIA II,35503080625.0,,61,199,,
1093,3550308,CANTINHO DO CÉU I,35503080631.0,3301.0,4526,15600,-12299.0,-0.7883974358974359
1094,3550308,CANTINHO DO CÉU XX,35503080919.0,,26,91,,
1095,3550308,CANTINHO DO CÉU XXI,35503080920.0,,385,1418,,
1096,3550308,PARAGUAI,35503081305.0,,902,2832,,
1097,3550308,JARDIM LUCÉLIA,35503080921.0,3111.0,485,1716,1395.0,0.8129370629370629
1098,3550308,JARDIM SÃO PEDRO,35503081225.0,,49,179,,
1099,3550308,BOA VISTA II,35503081226.0,,71,246,,
1100,3550308,JARDIM MORAIS PRADO II,35503081228.0,,54,227,,
1101,3550308,JARDIM HASANO II,35503081229.0,,85,250,,
1102,3550308,JARDIM MONTE ALEGRE II,35503081242.0,,106,344,,
1103,3550308,SANTO ANTONIO II,35503081230.0,,58,225,,
1104,3550308,JARDIM SÃO BERNARDO,35503081231.0,,135,485,,
1105,3550308,CANDIDO RAMOS,35503081232.0,,31,133,,
1106,3550308,JARDIM ELIANA I,35503081233.0,,257,956,,
1107,3550308,JARDIM ICARAI I E II,35503081234.0,,105,392,,
1108,3550308,JARDIM REBECA,35503081235.0,,58,192,,
1109,3550308,VILA SANTA FRANCISCA CABRINI IV,35503081236.0,,129,457,,
1110,3550308,RELMBERG,35503081237.0,,179,693,,
1111,3550308,MANACIS,35503081239.0,,36,144,,
1112,3550308,PARQUE SÃO JOSÉ I E II,35503081238.0,,190,710,,
1113,3550308,FRANCISCO SANCHES DIAS,35503081248.0,,80,282,,
1114,3550308,JARDIM VARGINHA II,35503081247.0,,161,505,,
1115,3550308,JARDIM VARGINHA III,35503081240.0,,417,1528,,
1116,3550308,SETE DE SETEMBRO II,35503081241.0,,159,601,,
1117,3550308,JARDIM SÃO BERNARDO I,35503081243.0,,80,294,,
1118,3550308,TOCA,35503081244.0,,173,670,,
1119,3550308,RIO FARTURA,35503081344.0,,314,1187,,
1120,3550308,TEOTÔNIO PAVÃO,35503080790.0,,94,356,,
1121,3550308,JOSÉ HIGINO NEVES,35503080791.0,,93,353,,
1122,3550308,ALCIDES DA COSTA,35503080861.0,,450,1518,,
1123,3550308,SEM DENOMINAÇÃO 15,35503080946.0,,86,330,,
1124,3550308,SEM DENOMINAÇÃO 16,35503080947.0,,35,123,,
1125,3550308,JARDIM SÃO CARLOS I,35503081067.0,,84,279,,
1126,3550308,JARDIM SÃO JOÃO,35503081068.0,,145,515,,
1127,3550308,JACU PESSEGO / RIO ARICANDUVA,35503080812.0,,209,724,,
1128,3550308,QUEIMADA,35503080811.0,,176,598,,
1129,3550308,JARDIM SÃO GONÇALO,35503080733.0,,107,371,,
1130,3550308,VILA IRACEMA,35503080677.0,,156,564,,
1131,3550308,JARDIM ROSELI,35503080098.0,,192,735,,
1132,3550308,JARDIM DAS LARANJEIRAS,35503080123.0,,302,1098,,
1133,3550308,RIO CLARO,35503081070.0,,5,19,,
1134,3550308,DO PALANQUE,35503081071.0,,60,215,,
1135,3550308,PILÕES,35503080757.0,,1281,4451,,
1136,3550308,HELIÓPOLIS,35503080012.0,,12105,41118,,
1137,3550308,PRESIDENTE WILSON II,35503081130.0,,205,749,,
1138,3550308,BARÃO DE RESENDE,35503081131.0,,131,484,,
1139,3550308,FUNCHAL,35503080051.0,,109,366,,
1140,3550308,JARDIM ELZA II,35503080185.0,,441,1475,,
1141,3550308,ITAJUIBE,35503081345.0,,172,617,,
1142,3550308,JARDIM ELZA I,35503080096.0,,336,1274,,
1143,3550308,MARIA ÂNGELA,35503080795.0,,234,843,,
1144,3550308,JARDIM MABEL,35503081346.0,,212,778,,
1145,3550308,ITAJUÍBE,35503080796.0,,433,1686,,
1146,3550308,TIJUCO PRETO II,35503080038.0,,331,1251,,
1147,3550308,TIJUCO PRETO III,35503080606.0,,529,2034,,
1148,3550308,DAS MELIUNAS,35503080069.0,,405,1649,,
1149,3550308,CÓRREGO JOÃO BOTELHO,35503080797.0,,86,354,,
1150,3550308,JARDIM CAMPO,35503080121.0,,303,1116,,
1151,3550308,JARAGUÁ (ITAIM PAULISTA),35503080607.0,,317,1169,,
1152,3550308,CIDADE KEMEL,35503080968.0,,333,1240,,
1153,3550308,CH. JARDIM MABEL,35503080864.0,,81,319,,
1154,3550308,TRÊS PORTOS,35503080865.0,,161,557,,
1155,3550308,TIJUCO PRETO,35503080866.0,,154,665,,
1156,3550308,ROSSINI PINTO,35503080867.0,,70,267,,
1157,3550308,NAZARE II,35503080869.0,,71,211,,
1158,3550308,SEM DENOMINAÇÃO 09,35503080939.0,,219,929,,
1159,3550308,JARDIM NÉLIA,35503080966.0,,125,477,,
1160,3550308,JARDIM JARAGUÁ II,35503080147.0,,306,1175,,
1161,3550308,TAQUARI,35503080673.0,,238,939,,
1162,3550308,ARRAIAL DO BONFIM,35503080264.0,,259,1264,,
1163,3550308,GUARADA,35503080277.0,,257,937,,
1164,3550308,VILA JACUPIÁ,35503080223.0,,128,467,,
1165,3550308,RIO VERDE,35503080794.0,8104.0,247,926,7178.0,7.751619870410368
1166,3550308,A. E. CARVALHO,35503080276.0,,532,2178,,
1167,3550308,CAITITU,35503081000.0,,282,1078,,
1168,3550308,CHAMOCAS,35503080862.0,,105,364,,
1169,3550308,ANDRÉ CAVALCANTE,35503080998.0,,83,302,,
1170,3550308,JACUPEVAL,35503080999.0,,552,1947,,
1171,3550308,VILA NOVA MINAS GERAIS,35503080342.0,,244,850,,
1172,3550308,PARAGUAI I,35503080325.0,,58,229,,
1173,3550308,GUIANAS JAMAICA,35503080295.0,,192,664,,
1174,3550308,JOÃO MARIA DE ALMEIDA,35503080316.0,,105,442,,
1175,3550308,HENRIQUE MINDLIN,35503080271.0,,302,1064,,
1176,3550308,MUZAMBINHO,35503080844.0,,220,773,,
1177,3550308,CIDADE AZUL,35503080429.0,,212,773,,
1178,3550308,PIOLHO,35503080130.0,,129,544,,
1179,3550308,TIRSO MARTINS,35503080153.0,,200,695,,
1180,3550308,BABILÔNIA,35503080194.0,,309,1105,,
1181,3550308,DINAMARCA,35503080684.0,,222,732,,
1182,3550308,BICA,35503080212.0,,79,287,,
1183,3550308,CIDADE DE SANTOS,35503080441.0,,169,637,,
1184,3550308,DURVAL PINTO,35503080553.0,,184,634,,
1185,3550308,SAÚDE,35503080571.0,,125,492,,
1186,3550308,SOUZA DANTAS,35503080334.0,,780,2941,,
1187,3550308,RUA ITAGUARA,35503080760.0,,226,830,,
1188,3550308,MARANHÃO I,35503080405.0,,80,262,,
1189,3550308,RUA PROFESSOR ARAÚJO MACIEL,35503080759.0,,304,1066,,
1190,3550308,IMPRENSA OU FACHINI POLITRON,35503080377.0,,365,1182,,
1191,3550308,ROCINHA,35503080753.0,,346,1178,,
1192,3550308,JARDIM MENDES GAIA II,35503080389.0,,561,1930,,
1193,3550308,JARDIM MENDES GAIA I,35503080383.0,,530,1872,,
1194,3550308,TANQUINHO OU SAPO OU RIO CLARO,35503080417.0,,329,1298,,
1195,3550308,VIETNÃ,35503081348.0,,416,1520,,
1196,3550308,TAQUARITIBA,35503081349.0,,122,444,,
1197,3550308,CORRUIRAS,35503081132.0,,74,234,,
1198,3550308,SANTO ESTEVAN,35503081133.0,,82,277,,
1199,3550308,CONDE MOREIRA LIMA,35503081136.0,,36,118,,
1200,3550308,BIQUINHA,35503081137.0,,90,328,,
1201,3550308,MANOEL ALVES DE MESQUITA,35503081139.0,,71,227,,
1202,3550308,ITACOLOMI,35503081140.0,,152,471,,
1203,3550308,TOTÓ,35503081142.0,,203,690,,
1204,3550308,DERSA,35503081143.0,,198,756,,
1205,3550308,SERINGUEIRA,35503081144.0,,96,382,,
1206,3550308,GERVÁSIO BOTELHO,35503081145.0,,84,296,,
1207,3550308,RECANTO DA MOEDA,35503081146.0,,177,567,,
1208,3550308,NOSSA SENHORA APARECIDA IV,35503080829.0,,8,24,,
1209,3550308,NOSSA SENHORA APARECIDA,35503080281.0,,2041,7488,,
1210,3550308,ÁGUAS DE CHAPECÓ,35503080117.0,,110,457,,
1211,3550308,NOSSA SENHORA APARECIDA II,35503080830.0,16054.0,237,929,15125.0,16.280947255113023
1212,3550308,NOSSA SENHORA APARECIDA III,35503080831.0,,57,205,,
1213,3550308,PROJETADA,35503081195.0,,265,956,,
1214,3550308,PAULISTANA,35503081352.0,,643,2413,,
1215,3550308,VILA NOVA GALVÃO I,35503081353.0,,102,381,,
1216,3550308,ALPHEU LUIZ GASPARINI,35503081194.0,,54,185,,
1217,3550308,SÃO JOSÉ,35503081196.0,,142,467,,
1218,3550308,ALFREDO AVILA,35503081197.0,,178,676,,
1219,3550308,VILA NOVA GALVÃO II,35503081198.0,,56,195,,
1220,3550308,ERNESTO SIMÕES FILHO,35503081199.0,,42,163,,
1221,3550308,SAMBRA,35503080612.0,,348,1225,,
1222,3550308,NOSSA SENHORA GERTRUDES,35503080613.0,,362,1159,,
1223,3550308,NOVA JAGUARÉ,35503080435.0,,2412,8653,,
1224,3550308,TORRES DE OLIVEIRA,35503080447.0,,63,185,,
1225,3550308,BEIRA DA LINHA,35503080443.0,13893.0,266,867,13026.0,15.024221453287197
1226,3550308,DO MOCÓ,35503080924.0,,96,359,,
1227,3550308,DO AREIÃO,35503080925.0,,573,1971,,
1228,3550308,JARDIM PANAMERICANO,35503081214.0,,321,1226,,
1229,3550308,HORMA OU NORMA,35503080106.0,,172,592,,
1230,3550308,JARDIM RINCÃO,35503080023.0,,478,1873,,
1231,3550308,JARDIM TAIPAS,35503080700.0,,64,317,,
1232,3550308,VILA SANTO ANTÔNIO,35503080701.0,,482,1718,,
1233,3550308,FRAGATA CONSTITUIÇÃO,35503080057.0,,205,749,,
1234,3550308,JARDIM ALVINA,35503081356.0,,1,2,,
1235,3550308,FRAGATA DA CONSTITUIÇÃO,35503081357.0,,190,727,,
1236,3550308,JARDIM RINCÃO I,35503081358.0,,130,473,,
1237,3550308,PARQUE TAIPAS,35503081216.0,2461.0,1309,5321,-2860.0,-0.5374929524525465
1238,3550308,CHICA LUIZA II,35503081212.0,,338,1467,,
1239,3550308,JARDIM IPANEMA,35503081213.0,,105,364,,
1240,3550308,JARDIM RINCÃO II,35503081215.0,,224,892,,
1241,3550308,JARDIM SHANGRILÁ III,35503081218.0,,52,203,,
1242,3550308,JARDIM UNIVERSAL,35503080748.0,,155,521,,
1243,3550308,SANTANA,35503080404.0,,869,3068,,
1244,3550308,VILA ANGELINA,35503080102.0,,449,1552,,
1245,3550308,JARDIM NOVO SANTO ANTÔNIO,35503080649.0,,310,1175,,
1246,3550308,JARDIM NOVO SANTO AMARO,35503080643.0,,414,1427,,
1247,3550308,BANDEIRANTES II,35503080473.0,,719,2499,,
1248,3550308,PARQUE EUROPA I,35503080638.0,,596,1984,,
1249,3550308,JARDIM DULCE,35503080412.0,,382,1353,,
1250,3550308,VILA OPERÁRIA (SANTO AMARO),35503080480.0,,131,465,,
1251,3550308,CELESTE,35503080522.0,,498,1672,,
1252,3550308,SANTA GERTRUDES,35503080502.0,,561,1999,,
1253,3550308,LEILA DE SOUZA,35503080127.0,,497,1787,,
1254,3550308,RIVIERA,35503080394.0,,123,392,,
1255,3550308,FRAGOSO,35503080341.0,,216,845,,
1256,3550308,JARDIM VAZ DE LIMA,35503080416.0,,480,1763,,
1257,3550308,FIM DE SEMANA I,35503080543.0,,1978,7111,,
1258,3550308,SÃO BENEDITO,35503080314.0,,331,1050,,
1259,3550308,JARDIM TOMÁS,35503080656.0,,121,432,,
1260,3550308,JARDIM CAPELINHA,35503080578.0,,552,1769,,
1261,3550308,MARACANÃ,35503080519.0,,268,946,,
1262,3550308,JARDIM SÃO FRANCISCO,35503080323.0,,320,1128,,
1263,3550308,JARDIM IBIRAPUERA,35503080747.0,,1621,5625,,
1264,3550308,PROFESSOR HORÁCIO,35503080486.0,,297,1049,,
1265,3550308,SANTO ANTÔNIO II,35503080198.0,,474,1738,,
1266,3550308,CAMPO DE FORA I,35503080577.0,,976,3423,,
1267,3550308,FELICIDADE,35503080026.0,,784,2765,,
1268,3550308,JARDIM MONTE AZUL,35503080060.0,,566,1891,,
1269,3550308,ROSSI I,35503080523.0,,121,412,,
1270,3550308,JARDIM BOA ESPERANÇA,35503080648.0,,419,1492,,
1271,3550308,VILA CALÚ,35503080774.0,,771,2724,,
1272,3550308,JARDIM CAPELA I,35503080512.0,,260,832,,
1273,3550308,ZÉLIA,35503080515.0,,518,2195,,
1274,3550308,JARDIM CAPELA II,35503080776.0,,155,578,,
1275,3550308,SÃO JOÃO,35503080163.0,2738.0,4829,17323,-14585.0,-0.8419442359868383
1276,3550308,AMÉRICO TURINI,35503080777.0,,100,378,,
1277,3550308,JD HOROZONTE AZUL - SAPATO BRANCO,35503081362.0,,197,812,,
1278,3550308,ANGELO TARSINI,35503081307.0,,370,1317,,
1279,3550308,JARDIM VERA CRUZ,35503081272.0,,671,2239,,
1280,3550308,JARDIM ARACATI II,35503080773.0,,344,1258,,
1281,3550308,SEM DENOMINAÇÃO 20,35503080952.0,,442,1612,,
1282,3550308,PARANAPANEMA III,35503081308.0,,480,1752,,
1283,3550308,RIO DE JANEIRO,35503080891.0,,71,271,,
1284,3550308,BATISTA BASSANO,35503081276.0,,519,1873,,
1285,3550308,JARDIM SOLANGE,35503081249.0,,303,1100,,
1286,3550308,FÁBIO LUZ,35503081250.0,,123,447,,
1287,3550308,JARAGUÁ II,35503081252.0,,25,81,,
1288,3550308,JARARAÚ II,35503081253.0,,63,245,,
1289,3550308,COSTA DO VALADO,35503081254.0,,588,2123,,
1290,3550308,JOSÉ ALVES DA SILVA,35503081255.0,,57,182,,
1291,3550308,JARDIM RIO D'OURO,35503081256.0,,75,227,,
1292,3550308,PARQUE NOVO SANTO AMARO III,35503081258.0,,259,798,,
1293,3550308,ÁLVARO FERREIRA,35503081259.0,,297,1030,,
1294,3550308,SANTA MARGARIDA,35503081260.0,,150,481,,
1295,3550308,THOMAS POMPEU I,35503081262.0,,85,281,,
1296,3550308,BERNARDIM RIBEIRO,35503081263.0,,155,542,,
1297,3550308,JAMIL SAWAYA,35503081264.0,,228,774,,
1298,3550308,JARDIM SORAYA,35503081266.0,,84,318,,
1299,3550308,SEM DENOMINAÇÃO 21,35503081267.0,,89,323,,
1300,3550308,GUAVIRITUBA,35503081268.0,,94,348,,
1301,3550308,NAGIB,35503081269.0,,117,427,,
1302,3550308,VILA BOM JARDIM I,35503081270.0,,114,409,,
1303,3550308,JOÃO MANOEL VAZ,35503081271.0,,142,488,,
1304,3550308,ARAGUARY,35503081273.0,,84,327,,
1305,3550308,JARDIM ARACATI II,35503081274.0,,137,477,,
1306,3550308,ALTO DA RIVIERA,35503081275.0,,477,1718,,
1307,3550308,VILA DO SOL,35503081245.0,,52,254,,
1308,3550308,JARDIM PANTANAL,35503080752.0,,2566,9468,,
1309,3550308,JARDIM NOÊMIA,35503080957.0,,221,738,,
1310,3550308,YARA,35503080311.0,,157,568,,
1311,3550308,GRÃO MOGOL,35503080049.0,,403,1568,,
1312,3550308,MIKAIL,35503080301.0,,84,315,,
1313,3550308,SAFIRA,35503081364.0,2086.0,482,1742,344.0,0.19747416762342135
1314,3550308,PANTANAL,35503080736.0,,729,2680,,
1315,3550308,AYMORÉ,35503080165.0,,205,746,,
1316,3550308,MANGUE SECO,35503080735.0,,381,1299,,
1317,3550308,VILA ITAIM,35503080050.0,,84,322,,
1318,3550308,GRUTA DAS PRINCESAS,35503081365.0,,155,555,,
1319,3550308,DAVINA,35503080041.0,,166,604,,
1320,3550308,SANTA LUZIA,35503080210.0,,127,492,,
1321,3550308,VILA MARGARIDA,35503080144.0,,113,399,,
1322,3550308,JARDIM MAIA II,35503080954.0,,144,524,,
1323,3550308,JARDIM SÃO MATINHO,35503080953.0,,298,1092,,
1324,3550308,PARQUE PAULISTANO,35503080955.0,,132,502,,
1325,3550308,ASCENSO FERNANDES,35503080956.0,,76,285,,
1326,3550308,SIQUEIRA,35503080476.0,,612,2227,,
1327,3550308,BENTO DE SOUZA,35503080399.0,,227,723,,
1328,3550308,CAMINHO PARTICULAR,35503080926.0,,159,569,,
1329,3550308,JARDIM SANTA JOSEFINA,35503081306.0,,262,893,,
1330,3550308,JARDIM CELESTE II,35503080927.0,,124,425,,
1331,3550308,PARQUE FIGUEIRA GRANDE III,35503081292.0,,203,650,,
1332,3550308,PARQUE FIGUEIRA GRANDE V,35503081293.0,,134,444,,
1333,3550308,JARDIM MAZZA II,35503081294.0,,104,361,,
1334,3550308,JARDIM MAZA I,35503081303.0,,93,317,,
1335,3550308,JOÃO GASPAR I,35503081296.0,,143,461,,
1336,3550308,JARDIM SÃO LUIS / JARDIM GUARUJÁ,35503081297.0,,122,515,,
1337,3550308,SANTA TEREZA III,35503081298.0,,91,281,,
1338,3550308,PARQUE FIGUEIRA GRANDE II,35503081299.0,,128,440,,
1339,3550308,JARDIM LILIA,35503081300.0,,114,426,,
1340,3550308,JARDIM MARACANA / ASSANGUI,35503081301.0,,57,190,,
1341,3550308,PARQUE SANTO ANTONIO III / JARDIM DUPRAT,35503081302.0,,130,443,,
1342,3550308,VIRGÍNIA FERNI,35503080798.0,5436.0,235,881,4555.0,5.170261066969353
1343,3550308,SEM DENOMINAÇÃO 17,35503080948.0,,195,689,,
1344,3550308,VILA MUNA,35503081072.0,,201,817,,
1345,3550308,JARDIM SANTA ETELVINA,35503081073.0,,81,300,,
1346,3550308,BENTO BICUDO I,35503080951.0,,141,512,,
1347,3550308,DOIS DE NOVEMBRO,35503080703.0,,69,379,,
1348,3550308,BEIRA-MAR,35503080081.0,,207,745,,
1349,3550308,ROSAS DE OURO,35503080706.0,,454,1537,,
1350,3550308,FRANCISCO,35503080994.0,,63,227,,
1351,3550308,FRIBURGO,35503080365.0,,180,694,,
1352,3550308,CHARLES CAMERON,35503081187.0,,104,430,,
1353,3550308,PANORAMA,35503080439.0,,481,1659,,
1354,3550308,REAL PARQUE,35503080270.0,,1408,5003,,
1355,3550308,PORTO SEGURO,35503080460.0,,247,905,,
1356,3550308,DA RUA ERNEST RENAN,35503080875.0,,137,448,,
1357,3550308,MARIA FERNANDA,35503080491.0,,296,1051,,
1358,3550308,ORESTES DE SOUZA,35503080780.0,,318,1276,,
1359,3550308,JARDIM DOS ÁLAMOS,35503080756.0,,179,636,,
1360,3550308,JARDIM IPORÁ II,35503080661.0,,592,2253,,
1361,3550308,JARDIM IPORÁ I,35503080662.0,,156,569,,
1362,3550308,NORBERTO II,35503080750.0,,540,1964,,
1363,3550308,NORBERTO I,35503080749.0,,105,375,,
1364,3550308,JARDIM SANTA TEREZINHA,35503081200.0,,164,605,,
1365,3550308,ALFREDO HAMISCH,35503081201.0,,88,345,,
1366,3550308,JARDIM NOVO PARELHEIROS,35503081202.0,,66,261,,
1367,3550308,PARQUE RECREIO,35503081203.0,,144,517,,
1368,3550308,JARDIM SANTA FÉ,35503081204.0,,58,215,,
1369,3550308,RECANTO CAMPO BELO,35503081205.0,,120,463,,
1370,3550308,RECANTO DO CAMPO BELO III,35503081206.0,,190,672,,
1371,3550308,JARDIM ARUAN,35503081207.0,,94,344,,
1372,3550308,JARDIM DAS FONTES,35503081208.0,,173,598,,
1373,3550308,BALNEÁRIO SÃO JOSE,35503081209.0,,152,578,,
1374,3550308,TOMAZ SANDINO,35503081210.0,,145,528,,
1375,3550308,JARDIM SANTA HELANA,35503081211.0,,72,237,,
1376,3550308,SANTO ANTÔNIO DO CANINDÉ,35503080995.0,,121,458,,
1377,3550308,JARDIM MARABÁ,35503080676.0,,305,1151,,
1378,3550308,CIDADE LÍDER,35503080251.0,,525,2117,,
1379,3550308,TABA,35503080751.0,,202,826,,
1380,3550308,PISCINÃO ARICANDUVA II,35503081368.0,,108,408,,
1381,3550308,GENTIL FABRIANO,35503081058.0,,64,232,,
1382,3550308,JARDIM ELIAN,35503081059.0,,146,541,,
1383,3550308,MACHADO NUNES,35503081060.0,,59,213,,
1384,3550308,INGÁ I,35503080505.0,,534,1885,,
1385,3550308,PRIMAVERA,35503080729.0,,324,1220,,
1386,3550308,APIARIS,35503080744.0,,221,824,,
1387,3550308,SÃO FRANCISCO,35503080507.0,,342,1302,,
1388,3550308,SELMA I,35503080542.0,,266,1007,,
1389,3550308,SANTA TEREZINHA,35503080518.0,,1127,4012,,
1390,3550308,ITATINGA,35503080813.0,,650,2416,,
1391,3550308,DIVISA (CIDADE ADEMAR),35503080814.0,,996,3744,,
1392,3550308,NOVA PANTANAL,35503081179.0,7564.0,2352,8341,-777.0,-0.09315429804579786
1393,3550308,SANTA LÚCIA DO GUACURI,35503080602.0,,266,941,,
1394,3550308,DOROTÉIA I,35503080344.0,,698,2503,,
1395,3550308,DOROTÉIA,35503080396.0,,627,2244,,
1396,3550308,DOROTÉIA II E III,35503080401.0,,126,436,,
1397,3550308,HUMBERTO NASTARI,35503080356.0,,555,2121,,
1398,3550308,AMÉLIA (SANTO AMARO),35503080246.0,,46,163,,
1399,3550308,JARDIM GUACURI,35503080604.0,,252,935,,
1400,3550308,BANDEIRANTES I,35503080090.0,,358,1318,,
1401,3550308,PEDREIRA II,35503080539.0,,78,286,,
1402,3550308,ROSSI II,35503080540.0,,168,612,,
1403,3550308,ELDORADO,35503080815.0,,675,2454,,
1404,3550308,JARDIM SONIA,35503080859.0,,156,541,,
1405,3550308,JARDIM MONTE LÍBANO,35503080857.0,,194,686,,
1406,3550308,BILLINGS,35503080858.0,,82,306,,
1407,3550308,SEM DENOMINAÇÃO 02,35503080898.0,,97,358,,
1408,3550308,PRIMAVERA III,35503080899.0,,40,165,,
1409,3550308,JARDIM MONTE LÍBANO II,35503080900.0,,139,468,,
1410,3550308,DA DIVISA III,35503080901.0,,87,311,,
1411,3550308,MONTE LÍBANO II,35503080892.0,,218,782,,
1412,3550308,MONTE LÍBANO III,35503080893.0,,315,1066,,
1413,3550308,ELDORADO IV,35503080897.0,,176,665,,
1414,3550308,SETE PRAIAS I,35503080894.0,,162,568,,
1415,3550308,SETE PRAIAS II,35503080895.0,1636.0,179,656,980.0,1.4939024390243902
1416,3550308,ALVARENGA II,35503080896.0,,136,464,,
1417,3550308,PARQUE PRIMAVERA,35503081173.0,,140,532,,
1418,3550308,ANTONIO VIEIRA MARCONDES II,35503081174.0,,50,172,,
1419,3550308,GUACURI II,35503081175.0,,82,288,,
1420,3550308,JARDIM SANTA LÚCIA,35503081177.0,,92,361,,
1421,3550308,BOROS,35503081178.0,,74,240,,
1422,3550308,TIQUATIRA,35503080721.0,,116,481,,
1423,3550308,PANGAUA,35503081164.0,,101,377,,
1424,3550308,MANUEL ALVES FERREIRA,35503081165.0,,138,495,,
1425,3550308,PARATIGI,35503081166.0,,127,478,,
1426,3550308,JÚLIO MACIEL,35503080697.0,,102,482,,
1427,3550308,BAMBURRAL,35503080698.0,,212,808,,
1428,3550308,JARDIM DO RUSSO,35503080085.0,,101,366,,
1429,3550308,ANTÔNIO C. ALVARENGA,35503080699.0,,167,580,,
1430,3550308,REZENDE,35503080110.0,,125,454,,
1431,3550308,RECANTO DO PARAÍSO,35503081093.0,912.0,2578,9461,-8549.0,-0.9036042701617165
1432,3550308,RECANRO DO PARAÍSO - CÓRREGO DA MINA,35503081371.0,,287,1015,,
1433,3550308,CIDADE DA CRIANÇA AUTOBAN,35503081372.0,,116,450,,
1434,3550308,ESPERANÇA,35503081089.0,,40,155,,
1435,3550308,ÁRVORE DE SÃO TOMÁS,35503081097.0,,42,158,,
1436,3550308,BEIJA FLOR,35503081090.0,,210,792,,
1437,3550308,JARDIM DA PAZ,35503081092.0,,142,570,,
1438,3550308,PAPAGAIOS,35503081094.0,,21,77,,
1439,3550308,JOSÉ LOPES,35503081095.0,,66,270,,
1440,3550308,DOUTOR PEDRO JABOUR,35503080696.0,,194,639,,
1441,3550308,CHÁCARA DO FERRUTTI,35503080175.0,,427,1655,,
1442,3550308,SÃO CÂNDIDO,35503080687.0,,309,1085,,
1443,3550308,JARDIM PAQUETÁ I,35503080213.0,,1068,3625,,
1444,3550308,ANTUNES,35503080024.0,,155,548,,
1445,3550308,VILA IARA,35503080132.0,5434.0,160,500,4934.0,9.868
1446,3550308,CANTAGALO,35503080176.0,,429,1420,,
1447,3550308,RAIMUNDO PEREIRA MAGALHÃES,35503080156.0,,149,562,,
1448,3550308,JARDIM LÍBANO,35503081100.0,,125,429,,
1449,3550308,UNIÃO,35503081101.0,,107,338,,
1450,3550308,JARDIM CIDADE PIRITUBA,35503081102.0,,97,339,,
1451,3550308,RAIMUNDO PEREIRA DE MAGALHÃES,35503081373.0,,105,410,,
1452,3550308,ESPAMA,35503081103.0,,138,499,,
1453,3550308,ELÍSIO TEIXEIRA LEITE,35503081104.0,,75,250,,
1454,3550308,LARGO DO JUNCA,35503081105.0,,193,705,,
1455,3550308,JARDIM NOSSA SENHORA APARECIDA,35503081106.0,,127,474,,
1456,3550308,JARDIM MAGGI,35503081107.0,,183,696,,
1457,3550308,JARDIM SIDNEY,35503081108.0,,118,438,,
1458,3550308,SILVINO DE GODOY,35503081109.0,,59,170,,
1459,3550308,VILA ZATT,35503081110.0,,123,388,,
1460,3550308,SANTA MÔNICA,35503081111.0,,143,450,,
1461,3550308,PIQUERI,35503081112.0,,207,712,,
1462,3550308,MARILAC,35503081113.0,,189,666,,
1463,3550308,BRENO ACIOLI,35503080779.0,,47,181,,
1464,3550308,RIBEIRÃO DA PONTE BAIXA,35503080560.0,,124,416,,
1465,3550308,JARDIM COTINHA,35503080009.0,,397,1482,,
1466,3550308,SÃO TOMÉ,35503080103.0,,286,1020,,
1467,3550308,SÃO TOMÉ II,35503080847.0,,152,557,,
1468,3550308,SÃO TOMÉ I,35503080848.0,,177,676,,
1469,3550308,LAGOA SECA / VILA SÃO FRANCISCO,35503080846.0,,68,273,,
1470,3550308,FATEC,35503081375.0,,33,131,,
1471,3550308,VILA OPERÁRIA (BUTANTÃ),35503080710.0,,240,943,,
1472,3550308,ÉRICO VERÍSSIMO,35503080824.0,,53,165,,
1473,3550308,JARDIM SÃO JORGE II,35503080375.0,,386,1398,,
1474,3550308,JARDIM CAMBARÁ,35503080454.0,,61,213,,
1475,3550308,SÃO JORGE ARPOADOR,35503080398.0,,656,2972,,
1476,3550308,JARDIM SÃO JORGE I,35503080369.0,,152,492,,
1477,3550308,MORUMBIZINHO,35503080381.0,,259,889,,
1478,3550308,MANDIOQUINHA,35503080322.0,,432,1563,,
1479,3550308,SEM DENOMINAÇÃO 10,35503080940.0,21539.0,725,2641,18898.0,7.155622870124953
1480,3550308,UIRAPURU,35503080490.0,,262,956,,
1481,3550308,SEM DENOMINAÇÃO 11,35503080941.0,,200,773,,
1482,3550308,SEM DENOMINAÇÃO 12,35503080942.0,,109,394,,
1483,3550308,SEM TERRA,35503080905.0,,171,585,,
1484,3550308,SAPÊ,35503080472.0,,953,3459,,
1485,3550308,RIO PEQUENO,35503080190.0,,456,1651,,
1486,3550308,NOSSA SENHORA DA ASSUNÇÃO,35503080225.0,,526,2140,,
1487,3550308,SÃO DOMINGOS,35503080267.0,,227,822,,
1488,3550308,VILA DALVA,35503080451.0,,164,630,,
1489,3550308,JARDIM EDA,35503080461.0,,301,1263,,
1490,3550308,JARDIM SÃO REMO,35503080303.0,22229.0,1577,5465,16764.0,3.0675205855443735
1491,3550308,SEM DENOMINAÇÃO 13,35503080943.0,,293,1097,,
1492,3550308,JARDIM D´ABRIL,35503080457.0,,281,1124,,
1493,3550308,JARDIM D´ABRIL II,35503080387.0,,491,1812,,
1494,3550308,ÁGUA PODRE,35503080887.0,,59,216,,
1495,3550308,PONTA DA PRAIA,35503080888.0,,261,912,,
1496,3550308,MÁRIO BELMONTE,35503080889.0,,108,409,,
1497,3550308,MARIA CURSI,35503080186.0,,320,1119,,
1498,3550308,NOVA DIVINÉIA (SÃO MATEUS),35503080166.0,,836,2950,,
1499,3550308,CINCO DE JULHO,35503080070.0,,161,562,,
1500,3550308,JARDIM COLONIAL II,35503080222.0,,70,226,,
1501,3550308,JARDIM COLONIAL I,35503080204.0,,1051,3910,,
1502,3550308,NOVE DE JULHO,35503080039.0,,386,1442,,
1503,3550308,DOIS DE MAIO,35503080097.0,,552,2057,,
1504,3550308,MORRO ORIENTE/REGINA,35503080002.0,,131,566,,
1505,3550308,JARDIM PARAGUAÇÚ E ITÁPOLIS,35503080345.0,,286,1005,,
1506,3550308,JARDIM SANTA BÁRBARA,35503080996.0,,557,2024,,
1507,3550308,JARDIM IMPERADOR,35503080997.0,,76,270,,
1508,3550308,VILA CHAVANTES I,35503080238.0,,178,618,,
1509,3550308,VILA PROGRESSO,35503081378.0,,478,1654,,
1510,3550308,BOA VISTA I,35503080288.0,,417,1583,,
1511,3550308,ROLAND BERIGAN,35503081379.0,14963.0,289,1004,13959.0,13.903386454183266
1512,3550308,PANTANAL 2,35503081380.0,,2699,9426,,
1513,3550308,CHAZINHO,35503080832.0,,190,680,,
1514,3550308,DE LAPENNA,35503081048.0,,244,863,,
1515,3550308,PARQUE SÃO RAFAEL II,35503080028.0,,70,245,,
1516,3550308,JARDIM RODOLFO PIRANI I,35503080300.0,,142,543,,
1517,3550308,JARDIM RODOLFO PIRANI III,35503080799.0,,942,3541,,
1518,3550308,VERA CRUZ,35503080237.0,,659,2422,,
1519,3550308,DONA MARIA FERRAZ DO AMARAL,35503080801.0,,1719,6326,,
1520,3550308,JARDIM SANTO ANDRÉ,35503080021.0,,317,1201,,
1521,3550308,JARDIM SÃO FRANCISCO I,35503080011.0,3097.0,174,608,2489.0,4.09375
1522,3550308,KM 28,35503080022.0,,163,564,,
1523,3550308,SÃO FRANCISCO GLOBAL,35503081075.0,3106.0,493,1754,1352.0,0.7708095781071835
1524,3550308,TRAVESSA DISPERSÃO,35503080800.0,,161,638,,
1525,3550308,CIDADE SATÉLITE,35503081074.0,,50,167,,
1526,3550308,RIO CLARO II,35503081076.0,,131,580,,
1527,3550308,CHICO MENDES,35503080809.0,,779,2675,,
1528,3550308,JARDIM PLANALTO,35503080199.0,,2733,9743,,
1529,3550308,JARDIM GUIOMAR,35503080702.0,,126,479,,
1530,3550308,PARQUE BANCÁRIOS,35503080274.0,,1090,3985,,
1531,3550308,SANTA MADALENA II,35503080328.0,,1645,6087,,
1532,3550308,SANTA MADALENA I,35503080402.0,7502.0,290,947,6555.0,6.921858500527983
1533,3550308,JARDIM MARIA TERESINHA,35503080179.0,,249,903,,
1534,3550308,ARRASTÃO,35503080217.0,,173,579,,
1535,3550308,JARDIM DONA SINHÁ,35503080367.0,,1038,3748,,
1536,3550308,PROMORAR,35503081080.0,,429,1729,,
1537,3550308,JARDIM SÃO ROBERTO I,35503080810.0,,776,2991,,
1538,3550308,SÃO SEBASTIÃO,35503080397.0,,226,776,,
1539,3550308,JARDIM ADUTORA,35503080309.0,,334,1212,,
1540,3550308,VILA ELBA,35503080298.0,,743,2670,,
1541,3550308,MORRO DO MACACO,35503081077.0,,228,828,,
1542,3550308,JARDIM PARAGUAÇU,35503081078.0,,69,220,,
1543,3550308,MANOEL QUIRINO DE MATOS,35503081079.0,,156,553,,
1544,3550308,JARDIM ALZIRA I E II,35503081088.0,,298,1035,,
1545,3550308,CEU SAPOPEMBA,35503081081.0,,65,242,,
1546,3550308,JOÃO PERES CALHAMARES,35503081082.0,,433,1576,,
1547,3550308,TEONILO DE SOUZA,35503081083.0,,175,727,,
1548,3550308,FAZENDA DA JUTA,35503081084.0,,257,981,,
1549,3550308,JARDIM PRIMAVERA,35503081085.0,,207,748,,
1550,3550308,VILA FELIZ,35503081086.0,,97,357,,
1551,3550308,NOVO HORIZONTE,35503081087.0,,116,485,,
1552,3550308,RUA MAURO N. 226,35503080350.0,,164,584,,
1553,3550308,RUA MAURO N. 680,35503080357.0,,243,911,,
1554,3550308,SOCORRO,35503080470.0,,99,329,,
1555,3550308,PARQUE DOS PÁSSAROS,35503080825.0,,115,396,,
1556,3550308,IPANEMA,35503080879.0,,81,284,,
1557,3550308,VILA BAYER,35503081224.0,,51,138,,
1558,3550308,PAU QUEIMADO,35503080843.0,,272,956,,
1559,3550308,TRÊS VIEIRAS,35503080263.0,,222,848,,
1560,3550308,ALBERTINA,35503080249.0,,176,724,,
1561,3550308,JARDIM DEISE,35503080235.0,,470,1759,,
1562,3550308,JARDIM JAÇANÃ,35503081149.0,,384,1339,,
1563,3550308,JARDIM FELICIDADE,35503080828.0,2718.0,4680,17880,-15162.0,-0.8479865771812081
1564,3550308,GUAPIRA I,35503081383.0,,736,2658,,
1565,3550308,FLOR DE LÓTUS,35503081157.0,,633,2263,,
1566,3550308,JARDIM YARA,35503081147.0,,169,575,,
1567,3550308,BONIFÁCIO MAIA,35503081148.0,,43,163,,
1568,3550308,APUANÃ,35503081150.0,,72,328,,
1569,3550308,BAIXA GRANDE,35503081384.0,,187,747,,
1570,3550308,VILA ZILDA,35503081152.0,,393,1428,,
1571,3550308,BUDE,35503081153.0,,111,380,,
1572,3550308,JOSÉ CRISPIM,35503081154.0,,67,247,,
1573,3550308,JARDIM DAS PEDRAS,35503081155.0,,48,173,,
1574,3550308,DOMENICO FERRABOSCO,35503081156.0,,111,435,,
1575,3550308,RUA DO CAMPO,35503081158.0,,67,216,,
1576,3550308,ATERRO SANITÁRIO,35503081159.0,,102,381,,
1577,3550308,PARAISÓPOLIS,35503080492.0,15699.0,13071,42826,-27127.0,-0.6334236211647131
1578,3550308,PANORAMA II,35503080574.0,,2892,9944,,
1579,3550308,PANORAMA I,35503080575.0,,864,2929,,
1580,3550308,MORRO DO QUEROZENE,35503080088.0,,589,1915,,
1581,3550308,PULLMAN,35503080434.0,,947,3602,,
1582,3550308,VILA PRAIA,35503080463.0,,124,454,,
1583,3550308,ITAPAIUNA,35503080778.0,,53,168,,
1584,3550308,COMUNIDADE CANTO DO RIO VERDE,35503080922.0,,150,556,,
1585,3550308,COMUNIDADE JARDIM DAS PALMAS,35503080923.0,4331.0,177,574,3757.0,6.545296167247387
1586,3550308,CÓRREGO DA ÁGUA VERMELHA,35503080550.0,,841,2944,,
1587,3550308,JARDIM SÃO CARLOS II,35503080188.0,,89,316,,
1588,3550308,JARDIM QUISISANA,35503080168.0,,333,1286,,
1589,3550308,RIO DO OURO,35503080124.0,,231,924,,
1590,3550308,JARDIM NAZARÉ,35503080040.0,,444,1732,,
1591,3550308,CONDOMÍNIO,35503080727.0,,82,368,,
1592,3550308,PARQUE GUAIANASES,35503080167.0,,268,1074,,
1593,3550308,JD. QUISSIZANO,35503080853.0,,104,372,,
1594,3550308,ORMINDA PINTO,35503080855.0,,304,1118,,
1595,3550308,VILA CURUÇA VELHO,35503081002.0,,240,889,,
1596,3550308,LUIZA ROSA,35503080854.0,,191,695,,
1597,3550308,MANDRÁGORAS,35503081003.0,,114,426,,
1598,3550308,VILA CENICE,35503081004.0,,42,175,,
1599,3550308,VILA CRUZEIRO,35503080552.0,,104,431,,
1600,3550308,JOÃO VELOSO,35503080762.0,,83,352,,
1601,3550308,CARMELO,35503080206.0,,414,1384,,
1602,3550308,LIMOEIRO,35503080737.0,,179,607,,
1603,3550308,CÓRREGO DO LIMOEIRO,35503080672.0,,362,1301,,
1604,3550308,VILA REIS,35503080265.0,,479,1844,,
1605,3550308,PARQUE GUARANI MOGNO,35503081386.0,,191,659,,
1606,3550308,UNIÃO DE VILA NOVA,35503080338.0,3242.0,2513,8974,-5732.0,-0.6387341207934032
1607,3550308,MUCURI,35503080705.0,,189,833,,
1608,3550308,SANTA INÊS,35503080816.0,,175,638,,
1609,3550308,LARANJA DA CHINA,35503080856.0,,109,368,,
1610,3550308,MARIA SANTANA,35503081388.0,,88,302,,
1611,3550308,CEASA,35503080017.0,,169,627,,
1612,3550308,UM,35503080052.0,,219,831,,
1613,3550308,HUMAITÁ II,35503080878.0,,156,496,,
1614,3550308,FUNERÁRIA,35503080119.0,,523,1930,,
1615,3550308,BEIBINHA OU BEIRINHA,35503080094.0,,272,926,,
1616,3550308,NOVA CURUÇA,35503080034.0,,1215,4587,,
1617,3550308,MARIA QUEDAS,35503081180.0,,291,1035,,
1618,3550308,VILA PEDREIRA,35503081181.0,,149,489,,
1619,3550308,BEIBINHA,35503081182.0,,288,997,,
1620,3550308,CIDADE NOVA,35503081183.0,,291,1018,,
1621,3550308,BANDUÍRA,35503081184.0,,42,135,,
1622,3550308,ARMAÇÃO,35503081185.0,,88,308,,
1623,3550308,MARIO CARDIM,35503080035.0,,311,1212,,
1624,3550308,JOÃO GALDINO COELHO,35503081057.0,,105,424,,
1625,3550308,RUA DO VIOLÃO OU RUA DOS POETAS,35503080182.0,,464,1736,,
1626,3550308,AUGUSTO MONTENEGRO,35503081006.0,,103,359,,
1627,3550308,ERÓTIDES DE CAMPOS,35503080030.0,,76,266,,
1628,3550308,ANTENOR NAVARRO,35503080064.0,,209,805,,
1629,3550308,VIOLÃO I,35503081005.0,,51,227,,
1630,3550308,ESTRELA,35503081007.0,,64,241,,
1631,3550308,PEDRO PAULO LAGRECA NETO,35503081008.0,,148,594,,
1632,3550308,JACARAÍPE,35503080664.0,,342,1239,,
1633,3550308,BAÍA GRANDE,35503080663.0,,72,260,,
1634,3550308,VILA PRUDENTE,35503080203.0,,920,3550,,
1635,3550308,ILHA DAS COBRAS,35503080184.0,,86,325,,
1636,3550308,PACHECO ALVES,35503081056.0,,119,366,,
1637,3550308,JARDIM COLOMBO I,35503080362.0,,360,1246,,
1638,3550308,COLOMBO,35503080493.0,,1802,6099,,
1639,3550308,FUMAÇA,35503080313.0,,845,3807,,
1640,3550308,JARDIM JAQUELINE,35503080240.0,,1695,6129,,
1641,3550308,PAZ (SANTO AMARO),35503080723.0,,916,3040,,
1642,3550308,CÓRREGO ITARARÉ,35503080772.0,,179,638,,
1643,3550308,JARDIM DAS VERTENTES,35503080928.0,,144,575,,
1644,3550308,SEM DENOMINAÇÃO 19,35503080950.0,,476,2345,,
1645,3550308,DA FUMAÇA NUCLEO II,35503080929.0,,91,359,,
1646,3550308,ILHA VERDE OU ANHANGUERA,35503080717.0,,457,1853,,
1647,3550308,SÃO DOMINGOS I,35503080718.0,,177,605,,
1648,3550308,JARAGUÁ (PIRITUBA),35503080134.0,,104,376,,
1649,3550308,SALOÁ,35503080058.0,,194,717,,
1650,3550308,VILA JARAGUÁ,35503080694.0,,658,2319,,
1651,3550308,JARDIM NARDINI,35503080695.0,,308,1175,,
1652,3550308,PARQUE ANHANGUERA,35503081172.0,,416,1364,,
1653,3550308,JARDIM MARISTELA I,35503081171.0,14865.0,57,218,14647.0,67.18807339449542
1654,3550308,RIO ITAQUERA,35503080681.0,,76,297,,
1655,3550308,JARDIM IRENE,35503080679.0,,1058,3961,,
1656,3550308,ETELVINA B,35503080964.0,,359,1320,,
1657,3550308,JARDIM BANDEIRANTES,35503081367.0,,507,1847,,
1658,3550308,LEOPOLDO DELISTE,35503080792.0,5673.0,107,406,5267.0,12.972906403940886
1659,3550308,ADÃO MANUEL DA SILVA,35503080682.0,,1321,4841,,
1660,3550308,DO BOI,35503080870.0,,79,285,,
1661,3550308,NOVA ESPERANÇA,35503080871.0,,72,242,,
1662,3550308,JARDIM IEDA,35503080959.0,,49,178,,
1663,3550308,ODETE,35503080963.0,,47,174,,
1664,3550308,FRANCISCO CAPARA,35503080965.0,,150,545,,
1665,3550308,DA PAZ,35503080961.0,,87,339,,
1666,3550308,JARDIM FANGANIELLO,35503080962.0,,123,464,,
1667,3552502,SEM DENOMINAÇÃO DO JD. BELÉM RFFSA,35525020001.0,,132,463,,
1668,3552502,SEM DENOMINAÇÃO DO JD. MONTE CRISTO,35525020002.0,2153.0,58,254,1899.0,7.4763779527559056
1669,3552502,SEM DENOMINAÇÃO CACIQUE,35525020004.0,,139,595,,
1670,3552502,SEM DENOMINAÇÃO DO JARDIM LUELA,35525020006.0,,127,549,,
1671,3552502,SEM DENOMINAÇÃO DO PARQUE BUENOS AIRES,35525020008.0,,97,376,,
1672,3552502,SEM DENOMINAÇÃO DO JARDIM REVISTA,35525020009.0,,51,188,,
1673,3552502,SEM DENOMINAÇÃO CIDADE MIGUEL BRADA JAGUARI,35525020010.0,,64,293,,
1674,3552502,SEM DENOMINAÇÃO DO JARDIM VARAN,35525020011.0,,100,403,,
1675,3552502,SEM DENOMINAÇÃO CIDADE MIGUEL BRADA JAGUARI G1,35525020012.0,,327,1257,,
1676,3552502,SEM DENOMINAÇÃO CIDADE MIGUEL BRADA JAGUARI G2,35525020014.0,,89,329,,
1677,3552502,SEM DENOMINAÇÃO DA VILA IPELÂNDIA ÁREA DO DAEE I,35525020015.0,591.0,59,193,398.0,2.062176165803109
1678,3552502,SEM DENOMINAÇÃO DA VILA IPELÂNDIA ÁREA DO DAEE II,35525020016.0,,19,57,,
1679,3552502,SEM DENOMINAÇÃO DA VILA RICA,35525020017.0,,92,380,,
1680,3552502,SEM DENOMINAÇÃO DA VILA IPELÂNDIA,35525020018.0,1063.0,9,27,1036.0,38.370370370370374
1681,3552502,SEM DENOMINAÇÃO RECREIO SANTA MARIA,35525020021.0,,75,313,,
1682,3552809,ARRAIAL PAULISTA,35528090017.0,,150,611,,
1683,3552809,JARDIM VALE DAS FLORES - CSU,35528090023.0,,451,1600,,
1684,3552809,MEYER SAPORITO,35528090002.0,,604,2176,,
1685,3552809,JARDIM TRIANON POSTO DE SAÚDE - JOSÉ MIELE,35528090021.0,,403,1590,,
1686,3552809,PONTE ALTA - OSVALDINHO,35528090030.0,,1584,5869,,
1687,3552809,IRATI HBB,35528090031.0,,115,502,,
1688,3552809,JARDIM RECORD GLEBA C - OCUPAÇÃO CAÓTICA,35528090032.0,,326,1061,,
1689,3552809,JARDIM GUACIARA - PIRAJUSSARA,35528090014.0,,173,604,,
1690,3552809,JARDIM FREITAS JÚNIOR - JARDIM TRIANON HBB,35528090016.0,,422,1497,,
1691,3552809,JARDIM SAINT MORITZ - SORIA MAINARDES,35528090005.0,,222,681,,
1692,3552809,JARDIM MARIA LUIZA,35528090013.0,,54,203,,
1693,3552809,JARDIM SUINA,35528090019.0,,74,279,,
1694,3552809,JARDIM SÃO JUDAS I,35528090004.0,,65,267,,
1695,3552809,JARDIM MARGARIDAS,35528090003.0,,980,3348,,
1696,3552809,PARQUE SÃO JOAQUIM - LEME - JARDIM SILVIO SAMPAIO,35528090011.0,,429,1623,,
1697,3552809,JARDIM SCANDIA,35528090029.0,,213,829,,
1698,3552809,JARDOM COMUNITÁRIO,35528090033.0,,463,1919,,
1699,3552809,JARDIM LEME II,35528090024.0,,116,433,,
1700,3552809,PARQUE JACARANDÁ - MORRO DO SABÃO - TABOÃO DA SERRA C,35528090034.0,9207.0,226,763,8444.0,11.06684141546527
1701,3552809,JARDIM SANTA CRUZ,35528090022.0,,84,316,,
1702,3552809,PARQUE PINHEIROS - PALMARES,35528090025.0,,197,751,,
